Dates, OIL_PROD, WATER_PROD, WATER_INJ, GAS_INJ, GAS_LIFT, BHP_PROD, BHP_INJ, Pr(High), Pr(Low) 
 #, Sm3/d, Sm3/d, m3/d, m3/d, Sm3/d, Sm3/d, kPa, kPa 
2023-01-01T00:00:00, 2500.0, 3.66536445292609e-13, 7048.271484375
2023-01-02T00:00:00, 2500.048583984375, 9.182532774044548e-16, 5222.01513671875
2023-01-03T00:00:00, 2498.498779296875, 1.1999800258258303e-23, 4379.45849609375
2023-01-04T00:00:00, 2335.970458984375, 1.0185061436360723e-28, 3825.13720703125
2023-01-05T00:00:00, 2267.061279296875, 1.4647245007432412e-31, 3394.862548828125
2023-01-06T00:00:00, 2239.030029296875, 8.972978858714761e-35, 3081.239013671875
2023-01-07T00:00:00, 2230.35498046875, 1.8385082094790923e-38, 2805.574951171875
2023-01-08T00:00:00, 2230.59912109375, 2.970752744368612e-43, 2613.50390625
2023-01-09T00:00:00, 2232.28564453125, 1.401298464324817e-45, 2436.2958984375
2023-01-10T00:00:00, 2230.55126953125, 0.0, 2293.83544921875
2023-01-11T00:00:00, 2227.18994140625, 0.0, 2190.296630859375
2023-01-12T00:00:00, 2222.199951171875, 0.0, 2092.844482421875
2023-01-13T00:00:00, 2214.87890625, 0.0, 2001.99609375
2023-01-14T00:00:00, 2205.905517578125, 0.0, 1953.24853515625
2023-01-15T00:00:00, 2195.524169921875, 0.0, 1907.2493896484375
2023-01-16T00:00:00, 2183.7626953125, 0.0, 1863.36181640625
2023-01-17T00:00:00, 2170.594482421875, 0.0, 1821.8560791015625
2023-01-18T00:00:00, 2156.126953125, 0.0, 1792.8406982421875
2023-01-19T00:00:00, 2140.5791015625, 0.0, 1781.9537353515625
2023-01-20T00:00:00, 2124.5166015625, 0.0, 1770.799560546875
2023-01-21T00:00:00, 2108.5439453125, 0.0, 1759.759521484375
2023-01-22T00:00:00, 2092.830322265625, 0.0, 1748.98388671875
2023-01-23T00:00:00, 2077.35009765625, 0.0, 1738.5511474609375
2023-01-24T00:00:00, 2062.190185546875, 0.0, 1729.0994873046875
2023-01-25T00:00:00, 2047.30029296875, 0.0, 1738.05712890625
2023-01-26T00:00:00, 2032.6923828125, 0.0, 1745.85302734375
2023-01-27T00:00:00, 2018.4591064453125, 0.0, 1752.8502197265625
2023-01-28T00:00:00, 2004.721435546875, 0.0, 1759.191162109375
2023-01-29T00:00:00, 1991.572998046875, 0.0, 1764.94873046875
2023-01-30T00:00:00, 1979.0108642578125, 0.0, 1770.1875
2023-01-31T00:00:00, 1967.0166015625, 0.0, 1774.9466552734375
2023-02-01T00:00:00, 1955.5687255859375, 0.0, 1779.25830078125
2023-02-02T00:00:00, 1944.636474609375, 0.0, 1783.147705078125
2023-02-03T00:00:00, 1934.2125244140625, 0.0, 1798.0032958984375
2023-02-04T00:00:00, 1924.274169921875, 0.0, 1812.714111328125
2023-02-05T00:00:00, 1914.8245849609375, 0.0, 1826.4307861328125
2023-02-06T00:00:00, 1905.8675537109375, 0.0, 1839.2459716796875
2023-02-07T00:00:00, 1897.3975830078125, 0.0, 1851.218994140625
2023-02-08T00:00:00, 1889.3896484375, 0.0, 1862.4002685546875
2023-02-09T00:00:00, 1881.817626953125, 0.0, 1872.813720703125
2023-02-10T00:00:00, 1874.6627197265625, 0.0, 1882.466552734375
2023-02-11T00:00:00, 1867.9010009765625, 0.0, 1891.375244140625
2023-02-12T00:00:00, 1861.5025634765625, 0.0, 1899.781494140625
2023-02-13T00:00:00, 1855.44482421875, 0.0, 1907.675537109375
2023-02-14T00:00:00, 1849.7178955078125, 0.0, 1914.9071044921875
2023-02-15T00:00:00, 1844.307373046875, 0.0, 1921.4588623046875
2023-02-16T00:00:00, 1839.1888427734375, 0.0, 1927.65966796875
2023-02-17T00:00:00, 1834.348388671875, 0.0, 1940.3511962890625
2023-02-18T00:00:00, 1829.779296875, 0.0, 1951.7750244140625
2023-02-19T00:00:00, 1825.47265625, 0.0, 1962.1971435546875
2023-02-20T00:00:00, 1821.4156494140625, 0.0, 1972.3282470703125
2023-02-21T00:00:00, 1817.593994140625, 0.0, 1981.720458984375
2023-02-22T00:00:00, 1813.9932861328125, 0.0, 1990.2674560546875
2023-02-23T00:00:00, 1810.6021728515625, 0.0, 1997.9295654296875
2023-02-24T00:00:00, 1807.41162109375, 0.0, 2004.68310546875
2023-02-25T00:00:00, 1804.4107666015625, 0.0, 2010.5118408203125
2023-02-26T00:00:00, 1801.5865478515625, -0.0, 2015.39404296875
2023-02-27T00:00:00, 1798.9249267578125, -0.0, 2020.609619140625
2023-02-28T00:00:00, 1796.412841796875, -0.0, 2025.41552734375
2023-03-01T00:00:00, 1794.0377197265625, -0.0, 2029.528564453125
2023-03-02T00:00:00, 1791.7880859375, -0.0, 2032.8804931640625
2023-03-03T00:00:00, 1789.6527099609375, -0.0, 2035.44775390625
2023-03-04T00:00:00, 1787.6209716796875, -0.0, 2037.2147216796875
2023-03-05T00:00:00, 1785.68359375, -0.0, 2038.160400390625
2023-03-06T00:00:00, 1783.832763671875, -0.0, 2039.513916015625
2023-03-07T00:00:00, 1782.0616455078125, -0.0, 2041.2794189453125
2023-03-08T00:00:00, 1780.3641357421875, -0.0, 2042.705322265625
2023-03-09T00:00:00, 1778.7342529296875, -0.0, 2043.601806640625
2023-03-10T00:00:00, 1777.165771484375, -0.0, 2043.9736328125
2023-03-11T00:00:00, 1775.6519775390625, -0.0, 2043.8104248046875
2023-03-12T00:00:00, 1774.18701171875, -0.0, 2046.1802978515625
2023-03-13T00:00:00, 1772.765625, -0.0, 2048.407958984375
2023-03-14T00:00:00, 1771.3851318359375, -0.0, 2051.6162109375
2023-03-15T00:00:00, 1770.0457763671875, -0.0, 2055.48974609375
2023-03-16T00:00:00, 1768.75, -0.0, 2059.209716796875
2023-03-17T00:00:00, 1767.501953125, -0.0, 2062.5888671875
2023-03-18T00:00:00, 1766.30810546875, -0.0, 2065.585693359375
2023-03-19T00:00:00, 1765.1751708984375, -0.0, 2068.208740234375
2023-03-20T00:00:00, 1764.1064453125, -0.0, 2070.484619140625
2023-03-21T00:00:00, 1763.1021728515625, -0.0, 2072.435302734375
2023-03-22T00:00:00, 1762.1593017578125, -0.0, 2074.0791015625
2023-03-23T00:00:00, 1761.2735595703125, -0.0, 2076.63037109375
2023-03-24T00:00:00, 1760.4415283203125, -0.0, 2080.606201171875
2023-03-25T00:00:00, 1759.660888671875, -0.0, 2084.77587890625
2023-03-26T00:00:00, 1758.930419921875, -0.0, 2088.832763671875
2023-03-27T00:00:00, 1758.2496337890625, -0.0, 2092.716796875
2023-03-28T00:00:00, 1757.6181640625, -0.0, 2096.419189453125
2023-03-29T00:00:00, 1757.0350341796875, -0.0, 2099.94189453125
2023-03-30T00:00:00, 1756.499267578125, -0.0, 2103.28857421875
2023-03-31T00:00:00, 1756.009521484375, -0.0, 2106.454833984375
2023-04-01T00:00:00, 1755.5643310546875, -0.0, 2109.45654296875
2023-04-02T00:00:00, 1755.1617431640625, -0.0, 2112.29833984375
2023-04-03T00:00:00, 1754.7999267578125, -0.0, 2114.978271484375
2023-04-04T00:00:00, 1754.4775390625, -0.0, 2118.846923828125
2023-04-05T00:00:00, 1754.1939697265625, -0.0, 2123.662109375
2023-04-06T00:00:00, 1753.9508056640625, -0.0, 2128.5576171875
2023-04-07T00:00:00, 1753.751220703125, -0.0, 2133.314453125
2023-04-08T00:00:00, 1753.602783203125, -0.0, 2137.880126953125
2023-04-09T00:00:00, 1753.5174560546875, -0.0, 2142.242919921875
2023-04-10T00:00:00, 1753.5325927734375, -0.0, 2146.3955078125
2023-04-11T00:00:00, 1753.8270263671875, -0.0, 2150.331787109375
2023-04-12T00:00:00, 1754.0909423828125, -0.0, 2154.046142578125
2023-04-13T00:00:00, 1754.566650390625, -0.0, 2157.53466796875
2023-04-14T00:00:00, 1755.1593017578125, -0.0, 2160.7939453125
2023-04-15T00:00:00, 1755.8427734375, -0.0, 2163.934814453125
2023-04-16T00:00:00, 1756.6031494140625, -0.0, 2166.910400390625
2023-04-17T00:00:00, 1757.4296875, -0.0, 2169.684814453125
2023-04-18T00:00:00, 1758.31298828125, -0.0, 2172.27294921875
2023-04-19T00:00:00, 1759.2445068359375, -0.0, 2174.658447265625
2023-04-20T00:00:00, 1760.2154541015625, -0.0, 2176.831787109375
2023-04-21T00:00:00, 1761.2269287109375, -0.0, 2179.696044921875
2023-04-22T00:00:00, 1762.28662109375, -0.0, 2182.98876953125
2023-04-23T00:00:00, 1763.39794921875, -0.0, 2186.152099609375
2023-04-24T00:00:00, 1764.562744140625, -0.0, 2189.2734375
2023-04-25T00:00:00, 1765.7850341796875, -0.0, 2193.65771484375
2023-04-26T00:00:00, 1767.0684814453125, -0.0, 2197.978515625
2023-04-27T00:00:00, 1768.414306640625, -0.0, 2201.96044921875
2023-04-28T00:00:00, 1769.8192138671875, -0.0, 2205.637939453125
2023-04-29T00:00:00, 1771.2772216796875, -0.0, 2209.01953125
2023-04-30T00:00:00, 1772.780029296875, -0.0, 2212.106689453125
2023-05-01T00:00:00, 1774.3206787109375, -0.0, 2214.969970703125
2023-05-02T00:00:00, 1775.8914794921875, -0.0, 2217.58447265625
2023-05-03T00:00:00, 1777.492431640625, -0.0, 2220.3212890625
2023-05-04T00:00:00, 1779.121337890625, -0.0, 2222.944580078125
2023-05-05T00:00:00, 1780.7723388671875, -0.0, 2225.359375
2023-05-06T00:00:00, 1782.437255859375, -0.0, 2227.537841796875
2023-05-07T00:00:00, 1784.1072998046875, -0.0, 2229.47119140625
2023-05-08T00:00:00, 1785.77392578125, -0.0, 2231.1552734375
2023-05-09T00:00:00, 1787.4290771484375, -0.0, 2232.587890625
2023-05-10T00:00:00, 1789.0650634765625, -0.0, 2233.76611328125
2023-05-11T00:00:00, 1790.6741943359375, -0.0, 2234.6875
2023-05-12T00:00:00, 1792.258544921875, -0.0, 2235.775634765625
2023-05-13T00:00:00, 1793.8270263671875, -0.0, 2237.07421875
2023-05-14T00:00:00, 1795.3826904296875, -0.0, 2238.31640625
2023-05-15T00:00:00, 1796.9227294921875, -0.0, 2239.40283203125
2023-05-16T00:00:00, 1798.44140625, -0.0, 2240.30419921875
2023-05-17T00:00:00, 1799.9320068359375, -0.0, 2241.011474609375
2023-05-18T00:00:00, 1801.3887939453125, -0.0, 2241.521484375
2023-05-19T00:00:00, 1802.8133544921875, -0.0, 2242.563232421875
2023-05-20T00:00:00, 1804.20849609375, -0.0, 2243.537353515625
2023-05-21T00:00:00, 1805.574462890625, -0.0, 2244.311279296875
2023-05-22T00:00:00, 1806.9144287109375, -0.0, 2245.156494140625
2023-05-23T00:00:00, 1808.235107421875, -0.0, 2246.19189453125
2023-05-24T00:00:00, 1809.549072265625, -0.0, 2247.48095703125
2023-05-25T00:00:00, 1810.8614501953125, -0.0, 2248.7548828125
2023-05-26T00:00:00, 1812.1697998046875, -0.0, 2249.907958984375
2023-05-27T00:00:00, 1813.468505859375, -0.0, 2250.9072265625
2023-05-28T00:00:00, 1814.7513427734375, -0.0, 2251.742919921875
2023-05-29T00:00:00, 1816.0125732421875, -0.0, 2252.41259765625
2023-05-30T00:00:00, 1817.246826171875, -0.0, 2252.9150390625
2023-05-31T00:00:00, 1818.4495849609375, -0.0, 2253.25048828125
2023-06-01T00:00:00, 1819.6163330078125, -0.0, 2253.418701171875
2023-06-02T00:00:00, 1820.7431640625, -0.0, 2253.420166015625
2023-06-03T00:00:00, 1821.828125, -0.0, 2253.360107421875
2023-06-04T00:00:00, 1822.8887939453125, -0.0, 2254.01708984375
2023-06-05T00:00:00, 1823.94189453125, -0.0, 2254.977294921875
2023-06-06T00:00:00, 1824.99365234375, -0.0, 2255.95703125
2023-06-07T00:00:00, 1826.04248046875, -0.0, 2256.860595703125
2023-06-08T00:00:00, 1827.083984375, -0.0, 2257.66015625
2023-06-09T00:00:00, 1828.11328125, -0.0, 2258.34814453125
2023-06-10T00:00:00, 1829.126220703125, -0.0, 2258.924560546875
2023-06-11T00:00:00, 1830.1195068359375, -0.0, 2259.391357421875
2023-06-12T00:00:00, 1831.0899658203125, -0.0, 2259.748291015625
2023-06-13T00:00:00, 1832.03466796875, -0.0, 2259.99609375
2023-06-14T00:00:00, 1832.9510498046875, -0.0, 2260.1357421875
2023-06-15T00:00:00, 1833.836669921875, -0.0, 2260.1689453125
2023-06-16T00:00:00, 1834.6973876953125, -0.0, 2260.408203125
2023-06-17T00:00:00, 1835.544921875, -0.0, 2260.961669921875
2023-06-18T00:00:00, 1836.3857421875, -0.0, 2261.590087890625
2023-06-19T00:00:00, 1837.220703125, -0.0, 2262.207275390625
2023-06-20T00:00:00, 1838.0556640625, -0.0, 2263.218505859375
2023-06-21T00:00:00, 1838.8951416015625, -0.0, 2264.31591796875
2023-06-22T00:00:00, 1839.739501953125, -0.0, 2265.379638671875
2023-06-23T00:00:00, 1840.5865478515625, -0.0, 2266.375732421875
2023-06-24T00:00:00, 1841.4334716796875, -0.0, 2267.295654296875
2023-06-25T00:00:00, 1842.2772216796875, -0.0, 2268.137939453125
2023-06-26T00:00:00, 1843.114990234375, -0.0, 2268.902587890625
2023-06-27T00:00:00, 1843.9444580078125, -0.0, 2269.59033203125
2023-06-28T00:00:00, 1844.763671875, -0.0, 2270.2109375
2023-06-29T00:00:00, 1845.5718994140625, -0.0, 2270.7861328125
2023-06-30T00:00:00, 1846.36865234375, -0.0, 2271.326904296875
2023-07-01T00:00:00, 1847.166015625, -0.0, 2272.363525390625
2023-07-02T00:00:00, 1847.9736328125, -0.0, 2273.5595703125
2023-07-03T00:00:00, 1848.793212890625, -0.0, 2274.759765625
2023-07-04T00:00:00, 1849.6226806640625, -0.0, 2275.9130859375
2023-07-05T00:00:00, 1850.458251953125, -0.0, 2277.0029296875
2023-07-06T00:00:00, 1851.29638671875, -0.0, 2278.02392578125
2023-07-07T00:00:00, 1852.1339111328125, -0.0, 2278.973876953125
2023-07-08T00:00:00, 1852.9681396484375, -0.0, 2279.85205078125
2023-07-09T00:00:00, 1853.7972412109375, -0.0, 2280.74609375
2023-07-10T00:00:00, 1854.6219482421875, -0.0, 2281.807861328125
2023-07-11T00:00:00, 1855.4427490234375, -0.0, 2282.827880859375
2023-07-12T00:00:00, 1856.2608642578125, -0.0, 2283.795166015625
2023-07-13T00:00:00, 1857.080322265625, -0.0, 2284.85205078125
2023-07-14T00:00:00, 1857.9063720703125, -0.0, 2286.095458984375
2023-07-15T00:00:00, 1858.7406005859375, -0.0, 2287.343017578125
2023-07-16T00:00:00, 1859.58154296875, -0.0, 2288.527587890625
2023-07-17T00:00:00, 1860.4263916015625, -0.0, 2289.62939453125
2023-07-18T00:00:00, 1861.2716064453125, -0.0, 2290.642333984375
2023-07-19T00:00:00, 1862.1142578125, -0.0, 2291.5771484375
2023-07-20T00:00:00, 1862.96142578125, -0.0, 2292.863037109375
2023-07-21T00:00:00, 1863.81884765625, -0.0, 2294.223388671875
2023-07-22T00:00:00, 1864.6864013671875, -0.0, 2295.53271484375
2023-07-23T00:00:00, 1865.560791015625, -0.0, 2296.7490234375
2023-07-24T00:00:00, 1866.4393310546875, -0.0, 2298.395751953125
2023-07-25T00:00:00, 1867.3277587890625, -0.0, 2300.152099609375
2023-07-26T00:00:00, 1868.23095703125, -0.0, 2301.859130859375
2023-07-27T00:00:00, 1869.149658203125, -0.0, 2303.485595703125
2023-07-28T00:00:00, 1870.0811767578125, -0.0, 2305.01416015625
2023-07-29T00:00:00, 1871.02197265625, -0.0, 2306.437744140625
2023-07-30T00:00:00, 1871.9678955078125, -0.0, 2307.751708984375
2023-07-31T00:00:00, 1872.9151611328125, -0.0, 2308.9580078125
2023-08-01T00:00:00, 1873.85986328125, -0.0, 2310.0537109375
2023-08-02T00:00:00, 1874.798583984375, -0.0, 2311.037841796875
2023-08-03T00:00:00, 1875.7276611328125, -0.0, 2311.908203125
2023-08-04T00:00:00, 1876.6436767578125, -0.0, 2312.663818359375
2023-08-05T00:00:00, 1877.5433349609375, -0.0, 2313.30322265625
2023-08-06T00:00:00, 1878.4334716796875, -0.0, 2314.0673828125
2023-08-07T00:00:00, 1879.3201904296875, -0.0, 2314.903076171875
2023-08-08T00:00:00, 1880.203857421875, -0.0, 2315.716064453125
2023-08-09T00:00:00, 1881.081298828125, -0.0, 2316.462646484375
2023-08-10T00:00:00, 1881.9483642578125, -0.0, 2317.1259765625
2023-08-11T00:00:00, 1882.8013916015625, -0.0, 2317.69970703125
2023-08-12T00:00:00, 1883.636962890625, -0.0, 2318.181396484375
2023-08-13T00:00:00, 1884.452392578125, -0.0, 2318.569580078125
2023-08-14T00:00:00, 1885.244873046875, -0.0, 2318.86328125
2023-08-15T00:00:00, 1886.0123291015625, -0.0, 2319.061767578125
2023-08-16T00:00:00, 1886.752197265625, -0.0, 2319.1640625
2023-08-17T00:00:00, 1887.4683837890625, -0.0, 2319.4375
2023-08-18T00:00:00, 1888.1705322265625, -0.0, 2319.900634765625
2023-08-19T00:00:00, 1888.872802734375, -0.0, 2320.626220703125
2023-08-20T00:00:00, 1889.5811767578125, -0.0, 2321.428955078125
2023-08-21T00:00:00, 1890.2939453125, -0.0, 2322.21044921875
2023-08-22T00:00:00, 1891.007080078125, -0.0, 2322.933837890625
2023-08-23T00:00:00, 1891.7164306640625, -0.0, 2323.61181640625
2023-08-24T00:00:00, 1892.4208984375, -0.0, 2324.335205078125
2023-08-25T00:00:00, 1893.1204833984375, -0.0, 2325.037353515625
2023-08-26T00:00:00, 1893.8143310546875, -0.0, 2325.681396484375
2023-08-27T00:00:00, 1894.500244140625, -0.0, 2326.2548828125
2023-08-28T00:00:00, 1895.17578125, -0.0, 2326.753662109375
2023-08-29T00:00:00, 1895.8387451171875, -0.0, 2327.1767578125
2023-08-30T00:00:00, 1896.4866943359375, -0.0, 2327.5244140625
2023-08-31T00:00:00, 1897.1177978515625, -0.0, 2327.7978515625
2023-09-01T00:00:00, 1897.7420654296875, -0.0, 2328.31396484375
2023-09-02T00:00:00, 1898.3712158203125, -0.0, 2329.054443359375
2023-09-03T00:00:00, 1899.0091552734375, -0.0, 2329.86279296875
2023-09-04T00:00:00, 1899.654296875, -0.0, 2330.659912109375
2023-09-05T00:00:00, 1900.3028564453125, -0.0, 2331.416748046875
2023-09-06T00:00:00, 1900.951171875, -0.0, 2332.122802734375
2023-09-07T00:00:00, 1901.59619140625, -0.0, 2332.77490234375
2023-09-08T00:00:00, 1902.235595703125, -0.0, 2333.37158203125
2023-09-09T00:00:00, 1902.8671875, -0.0, 2333.91259765625
2023-09-10T00:00:00, 1903.4915771484375, -0.0, 2334.434326171875
2023-09-11T00:00:00, 1904.109619140625, -0.0, 2334.943603515625
2023-09-12T00:00:00, 1904.7210693359375, -0.0, 2335.4228515625
2023-09-13T00:00:00, 1905.32421875, -0.0, 2335.86279296875
2023-09-14T00:00:00, 1905.9173583984375, -0.0, 2336.259033203125
2023-09-15T00:00:00, 1906.4990234375, -0.0, 2336.609619140625
2023-09-16T00:00:00, 1907.067626953125, -0.0, 2336.9140625
2023-09-17T00:00:00, 1907.6253662109375, -0.0, 2337.266357421875
2023-09-18T00:00:00, 1908.1854248046875, -0.0, 2337.947998046875
2023-09-19T00:00:00, 1908.755859375, -0.0, 2338.7666015625
2023-09-20T00:00:00, 1909.3370361328125, -0.0, 2339.60693359375
2023-09-21T00:00:00, 1909.926025390625, -0.0, 2340.42333984375
2023-09-22T00:00:00, 1910.519287109375, -0.0, 2341.19873046875
2023-09-23T00:00:00, 1911.1136474609375, -0.0, 2341.927001953125
2023-09-24T00:00:00, 1911.7064208984375, -0.0, 2342.605712890625
2023-09-25T00:00:00, 1912.2955322265625, -0.0, 2343.233642578125
2023-09-26T00:00:00, 1912.8836669921875, -0.0, 2343.88720703125
2023-09-27T00:00:00, 1913.472900390625, -0.0, 2344.55615234375
2023-09-28T00:00:00, 1914.0631103515625, -0.0, 2345.21142578125
2023-09-29T00:00:00, 1914.6524658203125, -0.0, 2345.836181640625
2023-09-30T00:00:00, 1915.2386474609375, -0.0, 2346.423095703125
2023-10-01T00:00:00, 1915.8194580078125, -0.0, 2346.96875
2023-10-02T00:00:00, 1916.3934326171875, -0.0, 2347.47216796875
2023-10-03T00:00:00, 1916.960693359375, -0.0, 2348.023681640625
2023-10-04T00:00:00, 1917.5234375, -0.0, 2348.634521484375
2023-10-05T00:00:00, 1918.0826416015625, -0.0, 2349.238037109375
2023-10-06T00:00:00, 1918.6378173828125, -0.0, 2349.803955078125
2023-10-07T00:00:00, 1919.187744140625, -0.0, 2350.326171875
2023-10-08T00:00:00, 1919.7308349609375, -0.0, 2350.80126953125
2023-10-09T00:00:00, 1920.2685546875, -0.0, 2351.323486328125
2023-10-10T00:00:00, 1920.809814453125, -0.0, 2352.073486328125
2023-10-11T00:00:00, 1921.3592529296875, -0.0, 2352.900634765625
2023-10-12T00:00:00, 1921.9212646484375, -0.0, 2353.805419921875
2023-10-13T00:00:00, 1922.4989013671875, -0.0, 2354.77294921875
2023-10-14T00:00:00, 1923.0911865234375, -0.0, 2355.744384765625
2023-10-15T00:00:00, 1923.6944580078125, -0.0, 2356.686767578125
2023-10-16T00:00:00, 1924.3050537109375, -0.0, 2357.5859375
2023-10-17T00:00:00, 1924.91943359375, -0.0, 2358.4365234375
2023-10-18T00:00:00, 1925.534912109375, -0.0, 2359.23583984375
2023-10-19T00:00:00, 1926.149169921875, -0.0, 2359.9833984375
2023-10-20T00:00:00, 1926.760986328125, -0.0, 2360.68798828125
2023-10-21T00:00:00, 1927.3699951171875, -0.0, 2361.360595703125
2023-10-22T00:00:00, 1927.9749755859375, -0.0, 2361.993408203125
2023-10-23T00:00:00, 1928.575439453125, -0.0, 2362.691650390625
2023-10-24T00:00:00, 1929.1715087890625, -0.0, 2363.384033203125
2023-10-25T00:00:00, 1929.7630615234375, -0.0, 2364.03466796875
2023-10-26T00:00:00, 1930.348876953125, -0.0, 2364.635986328125
2023-10-27T00:00:00, 1930.9276123046875, -0.0, 2365.18603515625
2023-10-28T00:00:00, 1931.497802734375, -0.0, 2365.68408203125
2023-10-29T00:00:00, 1932.0579833984375, -0.0, 2366.129638671875
2023-10-30T00:00:00, 1932.6146240234375, -0.0, 2366.6748046875
2023-10-31T00:00:00, 1933.1724853515625, -0.0, 2367.270751953125
2023-11-01T00:00:00, 1933.7314453125, -0.0, 2367.8642578125
2023-11-02T00:00:00, 1934.288818359375, -0.0, 2368.428466796875
2023-11-03T00:00:00, 1934.8416748046875, -0.0, 2368.95166015625
2023-11-04T00:00:00, 1935.3897705078125, -0.0, 2369.457275390625
2023-11-05T00:00:00, 1935.9332275390625, -0.0, 2369.951171875
2023-11-06T00:00:00, 1936.4710693359375, -0.0, 2370.41796875
2023-11-07T00:00:00, 1937.00146484375, -0.0, 2370.846923828125
2023-11-08T00:00:00, 1937.5225830078125, -0.0, 2371.2333984375
2023-11-09T00:00:00, 1938.03271484375, -0.0, 2371.57470703125
2023-11-10T00:00:00, 1938.5302734375, -0.0, 2371.869873046875
2023-11-11T00:00:00, 1939.014892578125, -0.0, 2372.142822265625
2023-11-12T00:00:00, 1939.492919921875, -0.0, 2372.572509765625
2023-11-13T00:00:00, 1939.9696044921875, -0.0, 2373.064208984375
2023-11-14T00:00:00, 1940.4453125, -0.0, 2373.5498046875
2023-11-15T00:00:00, 1940.9183349609375, -0.0, 2374.046142578125
2023-11-16T00:00:00, 1941.38671875, -0.0, 2374.51318359375
2023-11-17T00:00:00, 1941.8482666015625, -0.0, 2374.930908203125
2023-11-18T00:00:00, 1942.3023681640625, -0.0, 2375.31494140625
2023-11-19T00:00:00, 1942.7518310546875, -0.0, 2375.70849609375
2023-11-20T00:00:00, 1943.2044677734375, -0.0, 2376.234619140625
2023-11-21T00:00:00, 1943.6640625, -0.0, 2376.825927734375
2023-11-22T00:00:00, 1944.1295166015625, -0.0, 2377.41845703125
2023-11-23T00:00:00, 1944.597412109375, -0.0, 2377.980224609375
2023-11-24T00:00:00, 1945.06396484375, -0.0, 2378.497314453125
2023-11-25T00:00:00, 1945.5262451171875, -0.0, 2378.9638671875
2023-11-26T00:00:00, 1945.9814453125, -0.0, 2379.37744140625
2023-11-27T00:00:00, 1946.427734375, -0.0, 2379.736572265625
2023-11-28T00:00:00, 1946.8631591796875, -0.0, 2380.039794921875
2023-11-29T00:00:00, 1947.289306640625, -0.0, 2380.32666015625
2023-11-30T00:00:00, 1947.70849609375, -0.0, 2380.60986328125
2023-12-01T00:00:00, 1948.120361328125, -0.0, 2380.869873046875
2023-12-02T00:00:00, 1948.523193359375, -0.0, 2381.091552734375
2023-12-03T00:00:00, 1948.917724609375, -0.0, 2381.314697265625
2023-12-04T00:00:00, 1949.3076171875, -0.0, 2381.572998046875
2023-12-05T00:00:00, 1949.693115234375, -0.0, 2381.832275390625
2023-12-06T00:00:00, 1950.072509765625, -0.0, 2382.06689453125
2023-12-07T00:00:00, 1950.443115234375, -0.0, 2382.26416015625
2023-12-08T00:00:00, 1950.8028564453125, -0.0, 2382.419189453125
2023-12-09T00:00:00, 1951.14990234375, -0.0, 2382.529296875
2023-12-10T00:00:00, 1951.4827880859375, -0.0, 2382.59326171875
2023-12-11T00:00:00, 1951.8001708984375, -0.0, 2382.6103515625
2023-12-12T00:00:00, 1952.1009521484375, -0.0, 2382.579833984375
2023-12-13T00:00:00, 1952.384033203125, -0.0, 2382.50146484375
2023-12-14T00:00:00, 1952.6483154296875, -0.0, 2382.374267578125
2023-12-15T00:00:00, 1952.8978271484375, -0.0, 2382.259521484375
2023-12-16T00:00:00, 1953.137939453125, -0.0, 2382.185546875
2023-12-17T00:00:00, 1953.3717041015625, -0.0, 2382.154052734375
2023-12-18T00:00:00, 1953.6029052734375, -0.0, 2382.220703125
2023-12-19T00:00:00, 1953.8333740234375, -0.0, 2382.32958984375
2023-12-20T00:00:00, 1954.068603515625, -0.0, 2382.54150390625
2023-12-21T00:00:00, 1954.3099365234375, -0.0, 2382.797119140625
2023-12-22T00:00:00, 1954.5548095703125, -0.0, 2383.051025390625
2023-12-23T00:00:00, 1954.7998046875, -0.0, 2383.28125
2023-12-24T00:00:00, 1955.0418701171875, -0.0, 2383.478515625
2023-12-25T00:00:00, 1955.2786865234375, -0.0, 2383.638916015625
2023-12-26T00:00:00, 1955.5084228515625, -0.0, 2383.761474609375
2023-12-27T00:00:00, 1955.729736328125, -0.0, 2383.84521484375
2023-12-28T00:00:00, 1955.9412841796875, -0.0, 2383.889892578125
2023-12-29T00:00:00, 1956.1422119140625, -0.0, 2383.8955078125
2023-12-30T00:00:00, 1956.33154296875, -0.0, 2383.862548828125
2023-12-31T00:00:00, 1956.511474609375, -0.0, 2383.832275390625
2024-01-01T00:00:00, 1956.691162109375, -0.0, 2383.899169921875
2024-01-02T00:00:00, 1956.8746337890625, -0.0, 2384.01806640625
2024-01-03T00:00:00, 1957.0611572265625, -0.0, 2384.185302734375
2024-01-04T00:00:00, 1957.2491455078125, -0.0, 2384.37841796875
2024-01-05T00:00:00, 1957.4371337890625, -0.0, 2384.56396484375
2024-01-06T00:00:00, 1957.623291015625, -0.0, 2384.728759765625
2024-01-07T00:00:00, 1957.8062744140625, -0.0, 2384.867919921875
2024-01-08T00:00:00, 1957.98779296875, -0.0, 2385.02783203125
2024-01-09T00:00:00, 1958.1724853515625, -0.0, 2385.252685546875
2024-01-10T00:00:00, 1958.3634033203125, -0.0, 2385.55908203125
2024-01-11T00:00:00, 1958.5614013671875, -0.0, 2385.91796875
2024-01-12T00:00:00, 1958.7652587890625, -0.0, 2386.281005859375
2024-01-13T00:00:00, 1958.973388671875, -0.0, 2386.62744140625
2024-01-14T00:00:00, 1959.183837890625, -0.0, 2386.94970703125
2024-01-15T00:00:00, 1959.39501953125, -0.0, 2387.244384765625
2024-01-16T00:00:00, 1959.60546875, -0.0, 2387.510986328125
2024-01-17T00:00:00, 1959.8140869140625, -0.0, 2387.7490234375
2024-01-18T00:00:00, 1960.0242919921875, -0.0, 2388.020751953125
2024-01-19T00:00:00, 1960.2457275390625, -0.0, 2388.411865234375
2024-01-20T00:00:00, 1960.4818115234375, -0.0, 2388.86962890625
2024-01-21T00:00:00, 1960.73095703125, -0.0, 2389.346923828125
2024-01-22T00:00:00, 1960.989990234375, -0.0, 2389.820068359375
2024-01-23T00:00:00, 1961.255859375, -0.0, 2390.27880859375
2024-01-24T00:00:00, 1961.526123046875, -0.0, 2390.71826171875
2024-01-25T00:00:00, 1961.7991943359375, -0.0, 2391.13720703125
2024-01-26T00:00:00, 1962.0738525390625, -0.0, 2391.53466796875
2024-01-27T00:00:00, 1962.3494873046875, -0.0, 2391.92333984375
2024-01-28T00:00:00, 1962.6287841796875, -0.0, 2392.370849609375
2024-01-29T00:00:00, 1962.9140625, -0.0, 2392.8466796875
2024-01-30T00:00:00, 1963.205810546875, -0.0, 2393.328369140625
2024-01-31T00:00:00, 1963.5029296875, -0.0, 2393.80126953125
2024-02-01T00:00:00, 1963.8038330078125, -0.0, 2394.25830078125
2024-02-02T00:00:00, 1964.1068115234375, -0.0, 2394.695556640625
2024-02-03T00:00:00, 1964.4124755859375, -0.0, 2395.13916015625
2024-02-04T00:00:00, 1964.72412109375, -0.0, 2395.636962890625
2024-02-05T00:00:00, 1965.04296875, -0.0, 2396.157470703125
2024-02-06T00:00:00, 1965.3677978515625, -0.0, 2396.67529296875
2024-02-07T00:00:00, 1965.6971435546875, -0.0, 2397.177001953125
2024-02-08T00:00:00, 1966.0289306640625, -0.0, 2397.659912109375
2024-02-09T00:00:00, 1966.371337890625, -0.0, 2398.243896484375
2024-02-10T00:00:00, 1966.73046875, -0.0, 2398.926025390625
2024-02-11T00:00:00, 1967.1068115234375, -0.0, 2399.650390625
2024-02-12T00:00:00, 1967.4971923828125, -0.0, 2400.38037109375
2024-02-13T00:00:00, 1967.898193359375, -0.0, 2401.098388671875
2024-02-14T00:00:00, 1968.3067626953125, -0.0, 2401.796630859375
2024-02-15T00:00:00, 1968.7208251953125, -0.0, 2402.517333984375
2024-02-16T00:00:00, 1969.139404296875, -0.0, 2403.392333984375
2024-02-17T00:00:00, 1969.5623779296875, -0.0, 2404.20947265625
2024-02-18T00:00:00, 1969.9893798828125, -0.0, 2404.9873046875
2024-02-19T00:00:00, 1970.42041015625, -0.0, 2405.732666015625
2024-02-20T00:00:00, 1970.855224609375, -0.0, 2406.4541015625
2024-02-21T00:00:00, 1971.2952880859375, -0.0, 2407.164306640625
2024-02-22T00:00:00, 1971.740234375, -0.0, 2407.859619140625
2024-02-23T00:00:00, 1972.18896484375, -0.0, 2408.53466796875
2024-02-24T00:00:00, 1972.6397705078125, -0.0, 2409.186279296875
2024-02-25T00:00:00, 1973.0914306640625, -0.0, 2409.81298828125
2024-02-26T00:00:00, 1973.542724609375, -0.0, 2410.413818359375
2024-02-27T00:00:00, 1973.992431640625, -0.0, 2410.98828125
2024-02-28T00:00:00, 1974.439697265625, -0.0, 2411.536376953125
2024-02-29T00:00:00, 1974.8856201171875, -0.0, 2412.0732421875
2024-03-01T00:00:00, 1975.3311767578125, -0.0, 2412.601318359375
2024-03-02T00:00:00, 1975.7755126953125, -0.0, 2413.1142578125
2024-03-03T00:00:00, 1976.21728515625, -0.0, 2413.607421875
2024-03-04T00:00:00, 1976.655029296875, -0.0, 2414.077392578125
2024-03-05T00:00:00, 1977.087646484375, -0.0, 2414.522705078125
2024-03-06T00:00:00, 1977.5142822265625, -0.0, 2414.942626953125
2024-03-07T00:00:00, 1977.933837890625, -0.0, 2415.3369140625
2024-03-08T00:00:00, 1978.3458251953125, -0.0, 2415.704345703125
2024-03-09T00:00:00, 1978.7528076171875, -0.0, 2416.0966796875
2024-03-10T00:00:00, 1979.1602783203125, -0.0, 2416.557861328125
2024-03-11T00:00:00, 1979.570068359375, -0.0, 2417.04736328125
2024-03-12T00:00:00, 1979.98095703125, -0.0, 2417.534423828125
2024-03-13T00:00:00, 1980.39404296875, -0.0, 2418.03369140625
2024-03-14T00:00:00, 1980.808837890625, -0.0, 2418.530517578125
2024-03-15T00:00:00, 1981.22607421875, -0.0, 2419.0595703125
2024-03-16T00:00:00, 1981.64501953125, -0.0, 2419.594482421875
2024-03-17T00:00:00, 1982.063720703125, -0.0, 2420.11376953125
2024-03-18T00:00:00, 1982.4833984375, -0.0, 2420.630126953125
2024-03-19T00:00:00, 1982.9058837890625, -0.0, 2421.152099609375
2024-03-20T00:00:00, 1983.330078125, -0.0, 2421.6669921875
2024-03-21T00:00:00, 1983.7537841796875, -0.0, 2422.162841796875
2024-03-22T00:00:00, 1984.174560546875, -0.0, 2422.6328125
2024-03-23T00:00:00, 1984.5906982421875, -0.0, 2423.07373046875
2024-03-24T00:00:00, 1985.0006103515625, -0.0, 2423.484130859375
2024-03-25T00:00:00, 1985.4031982421875, -0.0, 2423.863037109375
2024-03-26T00:00:00, 1985.7974853515625, -0.0, 2424.211669921875
2024-03-27T00:00:00, 1986.1832275390625, -0.0, 2424.53173828125
2024-03-28T00:00:00, 1986.5595703125, -0.0, 2424.82177734375
2024-03-29T00:00:00, 1986.9256591796875, -0.0, 2425.080078125
2024-03-30T00:00:00, 1987.2803955078125, -0.0, 2425.30615234375
2024-03-31T00:00:00, 1987.6229248046875, -0.0, 2425.498779296875
2024-04-01T00:00:00, 1987.952392578125, -0.0, 2425.657470703125
2024-04-02T00:00:00, 1988.2679443359375, -0.0, 2425.78173828125
2024-04-03T00:00:00, 1988.570556640625, -0.0, 2425.884521484375
2024-04-04T00:00:00, 1988.864013671875, -0.0, 2425.998291015625
2024-04-05T00:00:00, 1989.158447265625, -0.0, 2426.176025390625
2024-04-06T00:00:00, 1989.4564208984375, -0.0, 2426.39111328125
2024-04-07T00:00:00, 1989.7548828125, -0.0, 2426.61279296875
2024-04-08T00:00:00, 1990.0513916015625, -0.0, 2426.848876953125
2024-04-09T00:00:00, 1990.3443603515625, -0.0, 2427.09521484375
2024-04-10T00:00:00, 1990.6322021484375, -0.0, 2427.331787109375
2024-04-11T00:00:00, 1990.9136962890625, -0.0, 2427.54736328125
2024-04-12T00:00:00, 1991.1873779296875, -0.0, 2427.736572265625
2024-04-13T00:00:00, 1991.4521484375, -0.0, 2427.897216796875
2024-04-14T00:00:00, 1991.7069091796875, -0.0, 2428.0283203125
2024-04-15T00:00:00, 1991.950927734375, -0.0, 2428.12890625
2024-04-16T00:00:00, 1992.1834716796875, -0.0, 2428.19921875
2024-04-17T00:00:00, 1992.403564453125, -0.0, 2428.23828125
2024-04-18T00:00:00, 1992.61083984375, -0.0, 2428.24609375
2024-04-19T00:00:00, 1992.8045654296875, -0.0, 2428.22265625
2024-04-20T00:00:00, 1992.984130859375, -0.0, 2428.167236328125
2024-04-21T00:00:00, 1993.14990234375, -0.0, 2428.086181640625
2024-04-22T00:00:00, 1993.30322265625, -0.0, 2427.98828125
2024-04-23T00:00:00, 1993.45703125, -0.0, 2427.97900390625
2024-04-24T00:00:00, 1993.618896484375, -0.0, 2428.07763671875
2024-04-25T00:00:00, 1993.7884521484375, -0.0, 2428.22705078125
2024-04-26T00:00:00, 1993.9622802734375, -0.0, 2428.386474609375
2024-04-27T00:00:00, 1994.139892578125, -0.0, 2428.571533203125
2024-04-28T00:00:00, 1994.32275390625, -0.0, 2428.78564453125
2024-04-29T00:00:00, 1994.509521484375, -0.0, 2429.008056640625
2024-04-30T00:00:00, 1994.6976318359375, -0.0, 2429.222412109375
2024-05-01T00:00:00, 1994.8848876953125, -0.0, 2429.41943359375
2024-05-02T00:00:00, 1995.06884765625, -0.0, 2429.594482421875
2024-05-03T00:00:00, 1995.248291015625, -0.0, 2429.745361328125
2024-05-04T00:00:00, 1995.421875, -0.0, 2429.871337890625
2024-05-05T00:00:00, 1995.5887451171875, -0.0, 2429.971923828125
2024-05-06T00:00:00, 1995.748291015625, -0.0, 2430.046875
2024-05-07T00:00:00, 1995.8995361328125, -0.0, 2430.096435546875
2024-05-08T00:00:00, 1996.0421142578125, -0.0, 2430.1201171875
2024-05-09T00:00:00, 1996.17529296875, -0.0, 2430.118408203125
2024-05-10T00:00:00, 1996.2987060546875, -0.0, 2430.09130859375
2024-05-11T00:00:00, 1996.41162109375, -0.0, 2430.03857421875
2024-05-12T00:00:00, 1996.516845703125, -0.0, 2429.984375
2024-05-13T00:00:00, 1996.626953125, -0.0, 2430.028564453125
2024-05-14T00:00:00, 1996.74951171875, -0.0, 2430.170166015625
2024-05-15T00:00:00, 1996.884033203125, -0.0, 2430.37744140625
2024-05-16T00:00:00, 1997.027099609375, -0.0, 2430.603759765625
2024-05-17T00:00:00, 1997.1749267578125, -0.0, 2430.8271484375
2024-05-18T00:00:00, 1997.3245849609375, -0.0, 2431.037109375
2024-05-19T00:00:00, 1997.47412109375, -0.0, 2431.2294921875
2024-05-20T00:00:00, 1997.6219482421875, -0.0, 2431.40283203125
2024-05-21T00:00:00, 1997.76708984375, -0.0, 2431.556396484375
2024-05-22T00:00:00, 1997.9085693359375, -0.0, 2431.68994140625
2024-05-23T00:00:00, 1998.0457763671875, -0.0, 2431.80322265625
2024-05-24T00:00:00, 1998.177978515625, -0.0, 2431.89599609375
2024-05-25T00:00:00, 1998.308349609375, -0.0, 2432.00537109375
2024-05-26T00:00:00, 1998.4403076171875, -0.0, 2432.142822265625
2024-05-27T00:00:00, 1998.574462890625, -0.0, 2432.2919921875
2024-05-28T00:00:00, 1998.7093505859375, -0.0, 2432.437744140625
2024-05-29T00:00:00, 1998.843505859375, -0.0, 2432.5751953125
2024-05-30T00:00:00, 1998.97607421875, -0.0, 2432.71484375
2024-05-31T00:00:00, 1999.1063232421875, -0.0, 2432.845947265625
2024-06-01T00:00:00, 1999.2335205078125, -0.0, 2432.961669921875
2024-06-02T00:00:00, 1999.3564453125, -0.0, 2433.058837890625
2024-06-03T00:00:00, 1999.4788818359375, -0.0, 2433.16357421875
2024-06-04T00:00:00, 1999.60400390625, -0.0, 2433.285888671875
2024-06-05T00:00:00, 1999.7369384765625, -0.0, 2433.458251953125
2024-06-06T00:00:00, 1999.885498046875, -0.0, 2433.719970703125
2024-06-07T00:00:00, 2000.0501708984375, -0.0, 2434.037109375
2024-06-08T00:00:00, 2000.2275390625, -0.0, 2434.37548828125
2024-06-09T00:00:00, 2000.413330078125, -0.0, 2434.715576171875
2024-06-10T00:00:00, 2000.6044921875, -0.0, 2435.083251953125
2024-06-11T00:00:00, 2000.7991943359375, -0.0, 2435.4521484375
2024-06-12T00:00:00, 2000.99609375, -0.0, 2435.8046875
2024-06-13T00:00:00, 2001.194091796875, -0.0, 2436.138916015625
2024-06-14T00:00:00, 2001.392578125, -0.0, 2436.45458984375
2024-06-15T00:00:00, 2001.5908203125, -0.0, 2436.751953125
2024-06-16T00:00:00, 2001.7882080078125, -0.0, 2437.031494140625
2024-06-17T00:00:00, 2001.9842529296875, -0.0, 2437.29345703125
2024-06-18T00:00:00, 2002.17822265625, -0.0, 2437.537841796875
2024-06-19T00:00:00, 2002.36962890625, -0.0, 2437.7646484375
2024-06-20T00:00:00, 2002.5579833984375, -0.0, 2437.973876953125
2024-06-21T00:00:00, 2002.7425537109375, -0.0, 2438.165771484375
2024-06-22T00:00:00, 2002.9229736328125, -0.0, 2438.340087890625
2024-06-23T00:00:00, 2003.098876953125, -0.0, 2438.4970703125
2024-06-24T00:00:00, 2003.2757568359375, -0.0, 2438.677490234375
2024-06-25T00:00:00, 2003.4588623046875, -0.0, 2438.89306640625
2024-06-26T00:00:00, 2003.6484375, -0.0, 2439.130126953125
2024-06-27T00:00:00, 2003.842529296875, -0.0, 2439.373291015625
2024-06-28T00:00:00, 2004.03857421875, -0.0, 2439.613037109375
2024-06-29T00:00:00, 2004.23486328125, -0.0, 2439.844482421875
2024-06-30T00:00:00, 2004.4298095703125, -0.0, 2440.06494140625
2024-07-01T00:00:00, 2004.6253662109375, -0.0, 2440.302001953125
2024-07-02T00:00:00, 2004.8238525390625, -0.0, 2440.56591796875
2024-07-03T00:00:00, 2005.0257568359375, -0.0, 2440.84228515625
2024-07-04T00:00:00, 2005.2301025390625, -0.0, 2441.11865234375
2024-07-05T00:00:00, 2005.435302734375, -0.0, 2441.38818359375
2024-07-06T00:00:00, 2005.64013671875, -0.0, 2441.64697265625
2024-07-07T00:00:00, 2005.8485107421875, -0.0, 2441.93505859375
2024-07-08T00:00:00, 2006.06591796875, -0.0, 2442.279296875
2024-07-09T00:00:00, 2006.2933349609375, -0.0, 2442.65576171875
2024-07-10T00:00:00, 2006.5284423828125, -0.0, 2443.041748046875
2024-07-11T00:00:00, 2006.7684326171875, -0.0, 2443.423828125
2024-07-12T00:00:00, 2007.01123046875, -0.0, 2443.795166015625
2024-07-13T00:00:00, 2007.2550048828125, -0.0, 2444.152587890625
2024-07-14T00:00:00, 2007.498779296875, -0.0, 2444.497802734375
2024-07-15T00:00:00, 2007.7430419921875, -0.0, 2444.85595703125
2024-07-16T00:00:00, 2007.98828125, -0.0, 2445.21533203125
2024-07-17T00:00:00, 2008.2406005859375, -0.0, 2445.62158203125
2024-07-18T00:00:00, 2008.506591796875, -0.0, 2446.0947265625
2024-07-19T00:00:00, 2008.7867431640625, -0.0, 2446.602294921875
2024-07-20T00:00:00, 2009.079345703125, -0.0, 2447.123779296875
2024-07-21T00:00:00, 2009.381103515625, -0.0, 2447.646240234375
2024-07-22T00:00:00, 2009.689453125, -0.0, 2448.16162109375
2024-07-23T00:00:00, 2010.001953125, -0.0, 2448.665283203125
2024-07-24T00:00:00, 2010.317138671875, -0.0, 2449.1552734375
2024-07-25T00:00:00, 2010.6339111328125, -0.0, 2449.630859375
2024-07-26T00:00:00, 2010.9512939453125, -0.0, 2450.09130859375
2024-07-27T00:00:00, 2011.2684326171875, -0.0, 2450.536376953125
2024-07-28T00:00:00, 2011.5849609375, -0.0, 2450.966064453125
2024-07-29T00:00:00, 2011.900146484375, -0.0, 2451.380615234375
2024-07-30T00:00:00, 2012.21337890625, -0.0, 2451.77978515625
2024-07-31T00:00:00, 2012.524169921875, -0.0, 2452.163818359375
2024-08-01T00:00:00, 2012.8321533203125, -0.0, 2452.532470703125
2024-08-02T00:00:00, 2013.13671875, -0.0, 2452.885986328125
2024-08-03T00:00:00, 2013.4375, -0.0, 2453.22412109375
2024-08-04T00:00:00, 2013.7340087890625, -0.0, 2453.546875
2024-08-05T00:00:00, 2014.02587890625, -0.0, 2453.854248046875
2024-08-06T00:00:00, 2014.3126220703125, -0.0, 2454.146240234375
2024-08-07T00:00:00, 2014.5955810546875, -0.0, 2454.4296875
2024-08-08T00:00:00, 2014.8760986328125, -0.0, 2454.708984375
2024-08-09T00:00:00, 2015.1539306640625, -0.0, 2454.981689453125
2024-08-10T00:00:00, 2015.427978515625, -0.0, 2455.244384765625
2024-08-11T00:00:00, 2015.6971435546875, -0.0, 2455.495361328125
2024-08-12T00:00:00, 2015.9609375, -0.0, 2455.732666015625
2024-08-13T00:00:00, 2016.2186279296875, -0.0, 2455.95556640625
2024-08-14T00:00:00, 2016.47802734375, -0.0, 2456.219482421875
2024-08-15T00:00:00, 2016.74462890625, -0.0, 2456.528076171875
2024-08-16T00:00:00, 2017.01806640625, -0.0, 2456.860595703125
2024-08-17T00:00:00, 2017.295166015625, -0.0, 2457.199462890625
2024-08-18T00:00:00, 2017.5732421875, -0.0, 2457.53369140625
2024-08-19T00:00:00, 2017.8505859375, -0.0, 2457.860107421875
2024-08-20T00:00:00, 2018.1260986328125, -0.0, 2458.176513671875
2024-08-21T00:00:00, 2018.3988037109375, -0.0, 2458.48046875
2024-08-22T00:00:00, 2018.6676025390625, -0.0, 2458.7705078125
2024-08-23T00:00:00, 2018.9317626953125, -0.0, 2459.045166015625
2024-08-24T00:00:00, 2019.1905517578125, -0.0, 2459.303955078125
2024-08-25T00:00:00, 2019.4434814453125, -0.0, 2459.54638671875
2024-08-26T00:00:00, 2019.6953125, -0.0, 2459.825439453125
2024-08-27T00:00:00, 2019.955078125, -0.0, 2460.16845703125
2024-08-28T00:00:00, 2020.2244873046875, -0.0, 2460.550048828125
2024-08-29T00:00:00, 2020.500732421875, -0.0, 2460.944580078125
2024-08-30T00:00:00, 2020.7811279296875, -0.0, 2461.35205078125
2024-08-31T00:00:00, 2021.0631103515625, -0.0, 2461.757080078125
2024-09-01T00:00:00, 2021.344970703125, -0.0, 2462.150390625
2024-09-02T00:00:00, 2021.625244140625, -0.0, 2462.52734375
2024-09-03T00:00:00, 2021.9027099609375, -0.0, 2462.885498046875
2024-09-04T00:00:00, 2022.1763916015625, -0.0, 2463.223876953125
2024-09-05T00:00:00, 2022.4466552734375, -0.0, 2463.5458984375
2024-09-06T00:00:00, 2022.7171630859375, -0.0, 2463.86669921875
2024-09-07T00:00:00, 2022.9879150390625, -0.0, 2464.18408203125
2024-09-08T00:00:00, 2023.257568359375, -0.0, 2464.4921875
2024-09-09T00:00:00, 2023.5242919921875, -0.0, 2464.786865234375
2024-09-10T00:00:00, 2023.78662109375, -0.0, 2465.0654296875
2024-09-11T00:00:00, 2024.0435791015625, -0.0, 2465.326171875
2024-09-12T00:00:00, 2024.2943115234375, -0.0, 2465.568603515625
2024-09-13T00:00:00, 2024.538330078125, -0.0, 2465.7919921875
2024-09-14T00:00:00, 2024.77490234375, -0.0, 2465.996337890625
2024-09-15T00:00:00, 2025.003662109375, -0.0, 2466.18115234375
2024-09-16T00:00:00, 2025.2291259765625, -0.0, 2466.3681640625
2024-09-17T00:00:00, 2025.455322265625, -0.0, 2466.567626953125
2024-09-18T00:00:00, 2025.681640625, -0.0, 2466.77197265625
2024-09-19T00:00:00, 2025.906005859375, -0.0, 2466.971923828125
2024-09-20T00:00:00, 2026.127197265625, -0.0, 2467.1689453125
2024-09-21T00:00:00, 2026.348876953125, -0.0, 2467.3935546875
2024-09-22T00:00:00, 2026.5721435546875, -0.0, 2467.635498046875
2024-09-23T00:00:00, 2026.7952880859375, -0.0, 2467.879150390625
2024-09-24T00:00:00, 2027.0164794921875, -0.0, 2468.114013671875
2024-09-25T00:00:00, 2027.233642578125, -0.0, 2468.334716796875
2024-09-26T00:00:00, 2027.4456787109375, -0.0, 2468.5390625
2024-09-27T00:00:00, 2027.6595458984375, -0.0, 2468.756103515625
2024-09-28T00:00:00, 2027.8765869140625, -0.0, 2468.983642578125
2024-09-29T00:00:00, 2028.0946044921875, -0.0, 2469.211669921875
2024-09-30T00:00:00, 2028.311279296875, -0.0, 2469.431884765625
2024-10-01T00:00:00, 2028.5242919921875, -0.0, 2469.639892578125
2024-10-02T00:00:00, 2028.7325439453125, -0.0, 2469.8330078125
2024-10-03T00:00:00, 2028.9349365234375, -0.0, 2470.009765625
2024-10-04T00:00:00, 2029.130859375, -0.0, 2470.169921875
2024-10-05T00:00:00, 2029.319580078125, -0.0, 2470.3125
2024-10-06T00:00:00, 2029.5008544921875, -0.0, 2470.437744140625
2024-10-07T00:00:00, 2029.6741943359375, -0.0, 2470.54541015625
2024-10-08T00:00:00, 2029.84130859375, -0.0, 2470.64404296875
2024-10-09T00:00:00, 2030.0079345703125, -0.0, 2470.754638671875
2024-10-10T00:00:00, 2030.1749267578125, -0.0, 2470.875244140625
2024-10-11T00:00:00, 2030.34033203125, -0.0, 2470.995361328125
2024-10-12T00:00:00, 2030.501953125, -0.0, 2471.107177734375
2024-10-13T00:00:00, 2030.6595458984375, -0.0, 2471.21240234375
2024-10-14T00:00:00, 2030.8138427734375, -0.0, 2471.315673828125
2024-10-15T00:00:00, 2030.9644775390625, -0.0, 2471.41357421875
2024-10-16T00:00:00, 2031.1104736328125, -0.0, 2471.501953125
2024-10-17T00:00:00, 2031.250732421875, -0.0, 2471.578125
2024-10-18T00:00:00, 2031.3887939453125, -0.0, 2471.657958984375
2024-10-19T00:00:00, 2031.5316162109375, -0.0, 2471.765380859375
2024-10-20T00:00:00, 2031.6798095703125, -0.0, 2471.8935546875
2024-10-21T00:00:00, 2031.830810546875, -0.0, 2472.029296875
2024-10-22T00:00:00, 2031.981689453125, -0.0, 2472.16357421875
2024-10-23T00:00:00, 2032.1304931640625, -0.0, 2472.290771484375
2024-10-24T00:00:00, 2032.275634765625, -0.0, 2472.407958984375
2024-10-25T00:00:00, 2032.416259765625, -0.0, 2472.513671875
2024-10-26T00:00:00, 2032.5517578125, -0.0, 2472.607177734375
2024-10-27T00:00:00, 2032.681640625, -0.0, 2472.68798828125
2024-10-28T00:00:00, 2032.8056640625, -0.0, 2472.756103515625
2024-10-29T00:00:00, 2032.9234619140625, -0.0, 2472.811279296875
2024-10-30T00:00:00, 2033.0347900390625, -0.0, 2472.853759765625
2024-10-31T00:00:00, 2033.139404296875, -0.0, 2472.883056640625
2024-11-01T00:00:00, 2033.2371826171875, -0.0, 2472.8994140625
2024-11-02T00:00:00, 2033.327880859375, -0.0, 2472.90283203125
2024-11-03T00:00:00, 2033.4112548828125, -0.0, 2472.893310546875
2024-11-04T00:00:00, 2033.4893798828125, -0.0, 2472.88037109375
2024-11-05T00:00:00, 2033.56689453125, -0.0, 2472.882568359375
2024-11-06T00:00:00, 2033.6446533203125, -0.0, 2472.895751953125
2024-11-07T00:00:00, 2033.72119140625, -0.0, 2472.910888671875
2024-11-08T00:00:00, 2033.7947998046875, -0.0, 2472.9208984375
2024-11-09T00:00:00, 2033.8646240234375, -0.0, 2472.925048828125
2024-11-10T00:00:00, 2033.9345703125, -0.0, 2472.941162109375
2024-11-11T00:00:00, 2034.0130615234375, -0.0, 2472.996826171875
2024-11-12T00:00:00, 2034.105712890625, -0.0, 2473.1025390625
2024-11-13T00:00:00, 2034.2110595703125, -0.0, 2473.246826171875
2024-11-14T00:00:00, 2034.3251953125, -0.0, 2473.41259765625
2024-11-15T00:00:00, 2034.4443359375, -0.0, 2473.585205078125
2024-11-16T00:00:00, 2034.5657958984375, -0.0, 2473.756103515625
2024-11-17T00:00:00, 2034.6878662109375, -0.0, 2473.9208984375
2024-11-18T00:00:00, 2034.810302734375, -0.0, 2474.088134765625
2024-11-19T00:00:00, 2034.93505859375, -0.0, 2474.270263671875
2024-11-20T00:00:00, 2035.0625, -0.0, 2474.460693359375
2024-11-21T00:00:00, 2035.1915283203125, -0.0, 2474.651123046875
2024-11-22T00:00:00, 2035.3211669921875, -0.0, 2474.836181640625
2024-11-23T00:00:00, 2035.450439453125, -0.0, 2475.01318359375
2024-11-24T00:00:00, 2035.578369140625, -0.0, 2475.180419921875
2024-11-25T00:00:00, 2035.704345703125, -0.0, 2475.33740234375
2024-11-26T00:00:00, 2035.8280029296875, -0.0, 2475.483642578125
2024-11-27T00:00:00, 2035.9488525390625, -0.0, 2475.619140625
2024-11-28T00:00:00, 2036.0665283203125, -0.0, 2475.74365234375
2024-11-29T00:00:00, 2036.1807861328125, -0.0, 2475.857421875
2024-11-30T00:00:00, 2036.292236328125, -0.0, 2475.97119140625
2024-12-01T00:00:00, 2036.40185546875, -0.0, 2476.088623046875
2024-12-02T00:00:00, 2036.5096435546875, -0.0, 2476.2041015625
2024-12-03T00:00:00, 2036.6156005859375, -0.0, 2476.320556640625
2024-12-04T00:00:00, 2036.719970703125, -0.0, 2476.43994140625
2024-12-05T00:00:00, 2036.822509765625, -0.0, 2476.556640625
2024-12-06T00:00:00, 2036.9228515625, -0.0, 2476.666259765625
2024-12-07T00:00:00, 2037.0208740234375, -0.0, 2476.7685546875
2024-12-08T00:00:00, 2037.118896484375, -0.0, 2476.869873046875
2024-12-09T00:00:00, 2037.2186279296875, -0.0, 2476.978271484375
2024-12-10T00:00:00, 2037.3330078125, -0.0, 2477.148193359375
2024-12-11T00:00:00, 2037.4705810546875, -0.0, 2477.396484375
2024-12-12T00:00:00, 2037.6302490234375, -0.0, 2477.69921875
2024-12-13T00:00:00, 2037.8060302734375, -0.0, 2478.029541015625
2024-12-14T00:00:00, 2037.992431640625, -0.0, 2478.369873046875
2024-12-15T00:00:00, 2038.185302734375, -0.0, 2478.709716796875
2024-12-16T00:00:00, 2038.382080078125, -0.0, 2479.0439453125
2024-12-17T00:00:00, 2038.5810546875, -0.0, 2479.369384765625
2024-12-18T00:00:00, 2038.781005859375, -0.0, 2479.68408203125
2024-12-19T00:00:00, 2038.981201171875, -0.0, 2479.98779296875
2024-12-20T00:00:00, 2039.1807861328125, -0.0, 2480.280517578125
2024-12-21T00:00:00, 2039.3792724609375, -0.0, 2480.561767578125
2024-12-22T00:00:00, 2039.576171875, -0.0, 2480.831298828125
2024-12-23T00:00:00, 2039.771240234375, -0.0, 2481.089599609375
2024-12-24T00:00:00, 2039.9638671875, -0.0, 2481.336181640625
2024-12-25T00:00:00, 2040.1539306640625, -0.0, 2481.571533203125
2024-12-26T00:00:00, 2040.3408203125, -0.0, 2481.795654296875
2024-12-27T00:00:00, 2040.5244140625, -0.0, 2482.008056640625
2024-12-28T00:00:00, 2040.704345703125, -0.0, 2482.208984375
2024-12-29T00:00:00, 2040.880126953125, -0.0, 2482.3984375
2024-12-30T00:00:00, 2041.0516357421875, -0.0, 2482.576416015625
2024-12-31T00:00:00, 2041.2183837890625, -0.0, 2482.742431640625
2025-01-01T00:00:00, 2041.3802490234375, -0.0, 2482.89697265625
2025-01-02T00:00:00, 2041.537353515625, -0.0, 2483.041015625
2025-01-03T00:00:00, 2041.694091796875, -0.0, 2483.18994140625
2025-01-04T00:00:00, 2041.8516845703125, -0.0, 2483.34375
2025-01-05T00:00:00, 2042.0089111328125, -0.0, 2483.497314453125
2025-01-06T00:00:00, 2042.1644287109375, -0.0, 2483.646484375
2025-01-07T00:00:00, 2042.3197021484375, -0.0, 2483.794921875
2025-01-08T00:00:00, 2042.474609375, -0.0, 2483.9462890625
2025-01-09T00:00:00, 2042.6280517578125, -0.0, 2484.10205078125
2025-01-10T00:00:00, 2042.7791748046875, -0.0, 2484.255126953125
2025-01-11T00:00:00, 2042.9271240234375, -0.0, 2484.401611328125
2025-01-12T00:00:00, 2043.0712890625, -0.0, 2484.53955078125
2025-01-13T00:00:00, 2043.2110595703125, -0.0, 2484.66748046875
2025-01-14T00:00:00, 2043.349609375, -0.0, 2484.803955078125
2025-01-15T00:00:00, 2043.4888916015625, -0.0, 2484.950927734375
2025-01-16T00:00:00, 2043.628662109375, -0.0, 2485.1025390625
2025-01-17T00:00:00, 2043.7674560546875, -0.0, 2485.25244140625
2025-01-18T00:00:00, 2043.90966796875, -0.0, 2485.4208984375
2025-01-19T00:00:00, 2044.057861328125, -0.0, 2485.613525390625
2025-01-20T00:00:00, 2044.211181640625, -0.0, 2485.81982421875
2025-01-21T00:00:00, 2044.366943359375, -0.0, 2486.02880859375
2025-01-22T00:00:00, 2044.5228271484375, -0.0, 2486.2333984375
2025-01-23T00:00:00, 2044.67724609375, -0.0, 2486.429443359375
2025-01-24T00:00:00, 2044.8287353515625, -0.0, 2486.61474609375
2025-01-25T00:00:00, 2044.9766845703125, -0.0, 2486.7880859375
2025-01-26T00:00:00, 2045.1202392578125, -0.0, 2486.94873046875
2025-01-27T00:00:00, 2045.259033203125, -0.0, 2487.096435546875
2025-01-28T00:00:00, 2045.3924560546875, -0.0, 2487.23095703125
2025-01-29T00:00:00, 2045.5250244140625, -0.0, 2487.367431640625
2025-01-30T00:00:00, 2045.6632080078125, -0.0, 2487.52099609375
2025-01-31T00:00:00, 2045.8096923828125, -0.0, 2487.69287109375
2025-02-01T00:00:00, 2045.9619140625, -0.0, 2487.875
2025-02-02T00:00:00, 2046.116455078125, -0.0, 2488.059326171875
2025-02-03T00:00:00, 2046.270751953125, -0.0, 2488.23974609375
2025-02-04T00:00:00, 2046.42333984375, -0.0, 2488.41357421875
2025-02-05T00:00:00, 2046.57470703125, -0.0, 2488.584716796875
2025-02-06T00:00:00, 2046.7259521484375, -0.0, 2488.75927734375
2025-02-07T00:00:00, 2046.8765869140625, -0.0, 2488.93408203125
2025-02-08T00:00:00, 2047.0257568359375, -0.0, 2489.104248046875
2025-02-09T00:00:00, 2047.1719970703125, -0.0, 2489.2666015625
2025-02-10T00:00:00, 2047.3145751953125, -0.0, 2489.4189453125
2025-02-11T00:00:00, 2047.4527587890625, -0.0, 2489.560302734375
2025-02-12T00:00:00, 2047.586181640625, -0.0, 2489.6904296875
2025-02-13T00:00:00, 2047.71435546875, -0.0, 2489.80859375
2025-02-14T00:00:00, 2047.8367919921875, -0.0, 2489.914794921875
2025-02-15T00:00:00, 2047.953369140625, -0.0, 2490.0087890625
2025-02-16T00:00:00, 2048.063720703125, -0.0, 2490.09033203125
2025-02-17T00:00:00, 2048.167724609375, -0.0, 2490.15966796875
2025-02-18T00:00:00, 2048.264892578125, -0.0, 2490.21630859375
2025-02-19T00:00:00, 2048.355224609375, -0.0, 2490.260498046875
2025-02-20T00:00:00, 2048.4384765625, -0.0, 2490.29931640625
2025-02-21T00:00:00, 2048.515380859375, -0.0, 2490.334716796875
2025-02-22T00:00:00, 2048.5947265625, -0.0, 2490.3798828125
2025-02-23T00:00:00, 2048.677490234375, -0.0, 2490.434326171875
2025-02-24T00:00:00, 2048.76123046875, -0.0, 2490.49169921875
2025-02-25T00:00:00, 2048.84326171875, -0.0, 2490.546142578125
2025-02-26T00:00:00, 2048.921875, -0.0, 2490.59423828125
2025-02-27T00:00:00, 2049.001708984375, -0.0, 2490.653564453125
2025-02-28T00:00:00, 2049.085205078125, -0.0, 2490.729248046875
2025-03-01T00:00:00, 2049.171630859375, -0.0, 2490.814697265625
2025-03-02T00:00:00, 2049.259765625, -0.0, 2490.9072265625
2025-03-03T00:00:00, 2049.35009765625, -0.0, 2491.013671875
2025-03-04T00:00:00, 2049.442138671875, -0.0, 2491.12890625
2025-03-05T00:00:00, 2049.53466796875, -0.0, 2491.245361328125
2025-03-06T00:00:00, 2049.6259765625, -0.0, 2491.357666015625
2025-03-07T00:00:00, 2049.7158203125, -0.0, 2491.47021484375
2025-03-08T00:00:00, 2049.805419921875, -0.0, 2491.58544921875
2025-03-09T00:00:00, 2049.89501953125, -0.0, 2491.700927734375
2025-03-10T00:00:00, 2049.984130859375, -0.0, 2491.81201171875
2025-03-11T00:00:00, 2050.071044921875, -0.0, 2491.915771484375
2025-03-12T00:00:00, 2050.15478515625, -0.0, 2492.010009765625
2025-03-13T00:00:00, 2050.234619140625, -0.0, 2492.09375
2025-03-14T00:00:00, 2050.31005859375, -0.0, 2492.16650390625
2025-03-15T00:00:00, 2050.38037109375, -0.0, 2492.227294921875
2025-03-16T00:00:00, 2050.445556640625, -0.0, 2492.2763671875
2025-03-17T00:00:00, 2050.51806640625, -0.0, 2492.341796875
2025-03-18T00:00:00, 2050.599365234375, -0.0, 2492.426025390625
2025-03-19T00:00:00, 2050.686279296875, -0.0, 2492.521484375
2025-03-20T00:00:00, 2050.77587890625, -0.0, 2492.621337890625
2025-03-21T00:00:00, 2050.869140625, -0.0, 2492.73828125
2025-03-22T00:00:00, 2050.966064453125, -0.0, 2492.86767578125
2025-03-23T00:00:00, 2051.06494140625, -0.0, 2493.00048828125
2025-03-24T00:00:00, 2051.16357421875, -0.0, 2493.130615234375
2025-03-25T00:00:00, 2051.260986328125, -0.0, 2493.254638671875
2025-03-26T00:00:00, 2051.35595703125, -0.0, 2493.370361328125
2025-03-27T00:00:00, 2051.44775390625, -0.0, 2493.4765625
2025-03-28T00:00:00, 2051.535888671875, -0.0, 2493.57275390625
2025-03-29T00:00:00, 2051.6201171875, -0.0, 2493.658935546875
2025-03-30T00:00:00, 2051.69970703125, -0.0, 2493.734375
2025-03-31T00:00:00, 2051.774658203125, -0.0, 2493.799560546875
2025-04-01T00:00:00, 2051.844970703125, -0.0, 2493.85400390625
2025-04-02T00:00:00, 2051.910400390625, -0.0, 2493.899169921875
2025-04-03T00:00:00, 2051.976806640625, -0.0, 2493.95751953125
2025-04-04T00:00:00, 2052.048828125, -0.0, 2494.0341796875
2025-04-05T00:00:00, 2052.1279296875, -0.0, 2494.126220703125
2025-04-06T00:00:00, 2052.21142578125, -0.0, 2494.225830078125
2025-04-07T00:00:00, 2052.29638671875, -0.0, 2494.326171875
2025-04-08T00:00:00, 2052.380859375, -0.0, 2494.4228515625
2025-04-09T00:00:00, 2052.463134765625, -0.0, 2494.51318359375
2025-04-10T00:00:00, 2052.542236328125, -0.0, 2494.595458984375
2025-04-11T00:00:00, 2052.625732421875, -0.0, 2494.686767578125
2025-04-12T00:00:00, 2052.720458984375, -0.0, 2494.802734375
2025-04-13T00:00:00, 2052.825439453125, -0.0, 2494.93896484375
2025-04-14T00:00:00, 2052.936767578125, -0.0, 2495.085693359375
2025-04-15T00:00:00, 2053.050537109375, -0.0, 2495.2353515625
2025-04-16T00:00:00, 2053.1650390625, -0.0, 2495.3828125
2025-04-17T00:00:00, 2053.278564453125, -0.0, 2495.525146484375
2025-04-18T00:00:00, 2053.39013671875, -0.0, 2495.660888671875
2025-04-19T00:00:00, 2053.499267578125, -0.0, 2495.789306640625
2025-04-20T00:00:00, 2053.605224609375, -0.0, 2495.90966796875
2025-04-21T00:00:00, 2053.7080078125, -0.0, 2496.021484375
2025-04-22T00:00:00, 2053.80712890625, -0.0, 2496.125
2025-04-23T00:00:00, 2053.90234375, -0.0, 2496.219970703125
2025-04-24T00:00:00, 2053.99365234375, -0.0, 2496.30615234375
2025-04-25T00:00:00, 2054.08056640625, -0.0, 2496.3837890625
2025-04-26T00:00:00, 2054.163330078125, -0.0, 2496.453369140625
2025-04-27T00:00:00, 2054.2421875, -0.0, 2496.515869140625
2025-04-28T00:00:00, 2054.317138671875, -0.0, 2496.571044921875
2025-04-29T00:00:00, 2054.389404296875, -0.0, 2496.621826171875
2025-04-30T00:00:00, 2054.46484375, -0.0, 2496.679443359375
2025-05-01T00:00:00, 2054.54345703125, -0.0, 2496.74462890625
2025-05-02T00:00:00, 2054.623779296875, -0.0, 2496.813232421875
2025-05-03T00:00:00, 2054.70361328125, -0.0, 2496.881591796875
2025-05-04T00:00:00, 2054.781494140625, -0.0, 2496.9462890625
2025-05-05T00:00:00, 2054.856689453125, -0.0, 2497.00634765625
2025-05-06T00:00:00, 2054.9287109375, -0.0, 2497.060302734375
2025-05-07T00:00:00, 2054.996826171875, -0.0, 2497.108154296875
2025-05-08T00:00:00, 2055.061279296875, -0.0, 2497.14892578125
2025-05-09T00:00:00, 2055.12158203125, -0.0, 2497.18310546875
2025-05-10T00:00:00, 2055.177490234375, -0.0, 2497.210205078125
2025-05-11T00:00:00, 2055.229248046875, -0.0, 2497.230224609375
2025-05-12T00:00:00, 2055.287353515625, -0.0, 2497.26904296875
2025-05-13T00:00:00, 2055.35595703125, -0.0, 2497.33349609375
2025-05-14T00:00:00, 2055.43359375, -0.0, 2497.424560546875
2025-05-15T00:00:00, 2055.518310546875, -0.0, 2497.53564453125
2025-05-16T00:00:00, 2055.60693359375, -0.0, 2497.656982421875
2025-05-17T00:00:00, 2055.697509765625, -0.0, 2497.781005859375
2025-05-18T00:00:00, 2055.788330078125, -0.0, 2497.9033203125
2025-05-19T00:00:00, 2055.878173828125, -0.0, 2498.02099609375
2025-05-20T00:00:00, 2055.97021484375, -0.0, 2498.14892578125
2025-05-21T00:00:00, 2056.065673828125, -0.0, 2498.287841796875
2025-05-22T00:00:00, 2056.163818359375, -0.0, 2498.431884765625
2025-05-23T00:00:00, 2056.26318359375, -0.0, 2498.575439453125
2025-05-24T00:00:00, 2056.3623046875, -0.0, 2498.71533203125
2025-05-25T00:00:00, 2056.463623046875, -0.0, 2498.8564453125
2025-05-26T00:00:00, 2056.5732421875, -0.0, 2499.010986328125
2025-05-27T00:00:00, 2056.69091796875, -0.0, 2499.17822265625
2025-05-28T00:00:00, 2056.813720703125, -0.0, 2499.35205078125
2025-05-29T00:00:00, 2056.93896484375, -0.0, 2499.527099609375
2025-05-30T00:00:00, 2057.0654296875, -0.0, 2499.702392578125
2025-05-31T00:00:00, 2057.193603515625, -0.0, 2499.88037109375
2025-06-01T00:00:00, 2057.322998046875, -0.0, 2500.05908203125
2025-06-02T00:00:00, 2057.452880859375, -0.0, 2500.236083984375
2025-06-03T00:00:00, 2057.58251953125, -0.0, 2500.408935546875
2025-06-04T00:00:00, 2057.711669921875, -0.0, 2500.577392578125
2025-06-05T00:00:00, 2057.83984375, -0.0, 2500.74072265625
2025-06-06T00:00:00, 2057.96630859375, -0.0, 2500.898193359375
2025-06-07T00:00:00, 2058.09130859375, -0.0, 2501.05029296875
2025-06-08T00:00:00, 2058.214111328125, -0.0, 2501.196533203125
2025-06-09T00:00:00, 2058.334716796875, -0.0, 2501.336669921875
2025-06-10T00:00:00, 2058.452880859375, -0.0, 2501.470703125
2025-06-11T00:00:00, 2058.56787109375, -0.0, 2501.59814453125
2025-06-12T00:00:00, 2058.679931640625, -0.0, 2501.718994140625
2025-06-13T00:00:00, 2058.78857421875, -0.0, 2501.833251953125
2025-06-14T00:00:00, 2058.89404296875, -0.0, 2501.94091796875
2025-06-15T00:00:00, 2058.99609375, -0.0, 2502.0419921875
2025-06-16T00:00:00, 2059.09423828125, -0.0, 2502.136474609375
2025-06-17T00:00:00, 2059.188720703125, -0.0, 2502.22412109375
2025-06-18T00:00:00, 2059.279541015625, -0.0, 2502.305419921875
2025-06-19T00:00:00, 2059.3662109375, -0.0, 2502.3798828125
2025-06-20T00:00:00, 2059.448974609375, -0.0, 2502.44775390625
2025-06-21T00:00:00, 2059.52734375, -0.0, 2502.509033203125
2025-06-22T00:00:00, 2059.6044921875, -0.0, 2502.5703125
2025-06-23T00:00:00, 2059.695068359375, -0.0, 2502.66552734375
2025-06-24T00:00:00, 2059.803466796875, -0.0, 2502.80126953125
2025-06-25T00:00:00, 2059.92626953125, -0.0, 2502.96533203125
2025-06-26T00:00:00, 2060.057373046875, -0.0, 2503.152099609375
2025-06-27T00:00:00, 2060.19287109375, -0.0, 2503.3466796875
2025-06-28T00:00:00, 2060.330322265625, -0.0, 2503.54150390625
2025-06-29T00:00:00, 2060.468017578125, -0.0, 2503.736572265625
2025-06-30T00:00:00, 2060.605224609375, -0.0, 2503.930908203125
2025-07-01T00:00:00, 2060.740966796875, -0.0, 2504.121337890625
2025-07-02T00:00:00, 2060.876708984375, -0.0, 2504.307373046875
2025-07-03T00:00:00, 2061.0146484375, -0.0, 2504.494140625
2025-07-04T00:00:00, 2061.1552734375, -0.0, 2504.682861328125
2025-07-05T00:00:00, 2061.29736328125, -0.0, 2504.871337890625
2025-07-06T00:00:00, 2061.439453125, -0.0, 2505.05712890625
2025-07-07T00:00:00, 2061.58056640625, -0.0, 2505.23876953125
2025-07-08T00:00:00, 2061.72021484375, -0.0, 2505.41943359375
2025-07-09T00:00:00, 2061.8583984375, -0.0, 2505.5986328125
2025-07-10T00:00:00, 2061.99462890625, -0.0, 2505.774169921875
2025-07-11T00:00:00, 2062.12841796875, -0.0, 2505.944091796875
2025-07-12T00:00:00, 2062.260009765625, -0.0, 2506.107421875
2025-07-13T00:00:00, 2062.388427734375, -0.0, 2506.26416015625
2025-07-14T00:00:00, 2062.513916015625, -0.0, 2506.413818359375
2025-07-15T00:00:00, 2062.63623046875, -0.0, 2506.556396484375
2025-07-16T00:00:00, 2062.75634765625, -0.0, 2506.695068359375
2025-07-17T00:00:00, 2062.874267578125, -0.0, 2506.83447265625
2025-07-18T00:00:00, 2062.989990234375, -0.0, 2506.970703125
2025-07-19T00:00:00, 2063.103759765625, -0.0, 2507.107666015625
2025-07-20T00:00:00, 2063.216064453125, -0.0, 2507.2451171875
2025-07-21T00:00:00, 2063.32666015625, -0.0, 2507.38037109375
2025-07-22T00:00:00, 2063.434814453125, -0.0, 2507.5107421875
2025-07-23T00:00:00, 2063.5400390625, -0.0, 2507.63525390625
2025-07-24T00:00:00, 2063.641845703125, -0.0, 2507.752685546875
2025-07-25T00:00:00, 2063.73974609375, -0.0, 2507.862548828125
2025-07-26T00:00:00, 2063.833740234375, -0.0, 2507.96484375
2025-07-27T00:00:00, 2063.92431640625, -0.0, 2508.0595703125
2025-07-28T00:00:00, 2064.022216796875, -0.0, 2508.16943359375
2025-07-29T00:00:00, 2064.129150390625, -0.0, 2508.29736328125
2025-07-30T00:00:00, 2064.2421875, -0.0, 2508.437255859375
2025-07-31T00:00:00, 2064.35791015625, -0.0, 2508.581787109375
2025-08-01T00:00:00, 2064.4736328125, -0.0, 2508.739990234375
2025-08-02T00:00:00, 2064.58935546875, -0.0, 2508.9443359375
2025-08-03T00:00:00, 2064.706787109375, -0.0, 2509.14501953125
2025-08-04T00:00:00, 2064.827880859375, -0.0, 2509.3466796875
2025-08-05T00:00:00, 2064.951904296875, -0.0, 2509.548095703125
2025-08-06T00:00:00, 2065.079345703125, -0.0, 2509.75341796875
2025-08-07T00:00:00, 2065.210205078125, -0.0, 2509.960693359375
2025-08-08T00:00:00, 2065.342529296875, -0.0, 2510.166748046875
2025-08-09T00:00:00, 2065.474853515625, -0.0, 2510.36865234375
2025-08-10T00:00:00, 2065.606201171875, -0.0, 2510.564697265625
2025-08-11T00:00:00, 2065.73583984375, -0.0, 2510.753173828125
2025-08-12T00:00:00, 2065.863037109375, -0.0, 2510.933837890625
2025-08-13T00:00:00, 2065.987060546875, -0.0, 2511.10595703125
2025-08-14T00:00:00, 2066.10791015625, -0.0, 2511.26953125
2025-08-15T00:00:00, 2066.225341796875, -0.0, 2511.424072265625
2025-08-16T00:00:00, 2066.338623046875, -0.0, 2511.56982421875
2025-08-17T00:00:00, 2066.447998046875, -0.0, 2511.70654296875
2025-08-18T00:00:00, 2066.552734375, -0.0, 2511.834228515625
2025-08-19T00:00:00, 2066.654541015625, -0.0, 2511.955078125
2025-08-20T00:00:00, 2066.75439453125, -0.0, 2512.07080078125
2025-08-21T00:00:00, 2066.85498046875, -0.0, 2512.185546875
2025-08-22T00:00:00, 2066.95751953125, -0.0, 2512.300537109375
2025-08-23T00:00:00, 2067.060546875, -0.0, 2512.414794921875
2025-08-24T00:00:00, 2067.16162109375, -0.0, 2512.525634765625
2025-08-25T00:00:00, 2067.259765625, -0.0, 2512.63134765625
2025-08-26T00:00:00, 2067.35400390625, -0.0, 2512.73046875
2025-08-27T00:00:00, 2067.443603515625, -0.0, 2512.822021484375
2025-08-28T00:00:00, 2067.53271484375, -0.0, 2512.917236328125
2025-08-29T00:00:00, 2067.62255859375, -0.0, 2513.017333984375
2025-08-30T00:00:00, 2067.7119140625, -0.0, 2513.118896484375
2025-08-31T00:00:00, 2067.804931640625, -0.0, 2513.2236328125
2025-09-01T00:00:00, 2067.900634765625, -0.0, 2513.33056640625
2025-09-02T00:00:00, 2067.996337890625, -0.0, 2513.43603515625
2025-09-03T00:00:00, 2068.08984375, -0.0, 2513.53759765625
2025-09-04T00:00:00, 2068.1796875, -0.0, 2513.633056640625
2025-09-05T00:00:00, 2068.265625, -0.0, 2513.721435546875
2025-09-06T00:00:00, 2068.346435546875, -0.0, 2513.801513671875
2025-09-07T00:00:00, 2068.42236328125, -0.0, 2513.873046875
2025-09-08T00:00:00, 2068.49267578125, -0.0, 2513.935791015625
2025-09-09T00:00:00, 2068.55712890625, -0.0, 2513.9892578125
2025-09-10T00:00:00, 2068.615966796875, -0.0, 2514.03369140625
2025-09-11T00:00:00, 2068.669189453125, -0.0, 2514.0703125
2025-09-12T00:00:00, 2068.7197265625, -0.0, 2514.1064453125
2025-09-13T00:00:00, 2068.7705078125, -0.0, 2514.14794921875
2025-09-14T00:00:00, 2068.825439453125, -0.0, 2514.20263671875
2025-09-15T00:00:00, 2068.885986328125, -0.0, 2514.270263671875
2025-09-16T00:00:00, 2068.954833984375, -0.0, 2514.350341796875
2025-09-17T00:00:00, 2069.02880859375, -0.0, 2514.43798828125
2025-09-18T00:00:00, 2069.10400390625, -0.0, 2514.52783203125
2025-09-19T00:00:00, 2069.177978515625, -0.0, 2514.614990234375
2025-09-20T00:00:00, 2069.250244140625, -0.0, 2514.69873046875
2025-09-21T00:00:00, 2069.322509765625, -0.0, 2514.781982421875
2025-09-22T00:00:00, 2069.3955078125, -0.0, 2514.869384765625
2025-09-23T00:00:00, 2069.4677734375, -0.0, 2514.958251953125
2025-09-24T00:00:00, 2069.538330078125, -0.0, 2515.044921875
2025-09-25T00:00:00, 2069.6064453125, -0.0, 2515.12744140625
2025-09-26T00:00:00, 2069.680419921875, -0.0, 2515.213623046875
2025-09-27T00:00:00, 2069.759521484375, -0.0, 2515.3046875
2025-09-28T00:00:00, 2069.8408203125, -0.0, 2515.397705078125
2025-09-29T00:00:00, 2069.92138671875, -0.0, 2515.48876953125
2025-09-30T00:00:00, 2069.99951171875, -0.0, 2515.575927734375
2025-10-01T00:00:00, 2070.074462890625, -0.0, 2515.656982421875
2025-10-02T00:00:00, 2070.1455078125, -0.0, 2515.7314453125
2025-10-03T00:00:00, 2070.212158203125, -0.0, 2515.798095703125
2025-10-04T00:00:00, 2070.274658203125, -0.0, 2515.857666015625
2025-10-05T00:00:00, 2070.333251953125, -0.0, 2515.90966796875
2025-10-06T00:00:00, 2070.38720703125, -0.0, 2515.95458984375
2025-10-07T00:00:00, 2070.4365234375, -0.0, 2515.99169921875
2025-10-08T00:00:00, 2070.48095703125, -0.0, 2516.025146484375
2025-10-09T00:00:00, 2070.52001953125, -0.0, 2516.056884765625
2025-10-10T00:00:00, 2070.553955078125, -0.0, 2516.08154296875
2025-10-11T00:00:00, 2070.582763671875, -0.0, 2516.097900390625
2025-10-12T00:00:00, 2070.60595703125, -0.0, 2516.10546875
2025-10-13T00:00:00, 2070.62744140625, -0.0, 2516.109130859375
2025-10-14T00:00:00, 2070.651611328125, -0.0, 2516.11474609375
2025-10-15T00:00:00, 2070.677490234375, -0.0, 2516.12255859375
2025-10-16T00:00:00, 2070.7021484375, -0.0, 2516.129638671875
2025-10-17T00:00:00, 2070.724365234375, -0.0, 2516.133544921875
2025-10-18T00:00:00, 2070.742919921875, -0.0, 2516.132080078125
2025-10-19T00:00:00, 2070.757080078125, -0.0, 2516.12451171875
2025-10-20T00:00:00, 2070.76611328125, -0.0, 2516.109375
2025-10-21T00:00:00, 2070.77001953125, -0.0, 2516.0869140625
2025-10-22T00:00:00, 2070.776123046875, -0.0, 2516.065185546875
2025-10-23T00:00:00, 2070.793701171875, -0.0, 2516.05908203125
2025-10-24T00:00:00, 2070.8232421875, -0.0, 2516.072021484375
2025-10-25T00:00:00, 2070.860595703125, -0.0, 2516.09912109375
2025-10-26T00:00:00, 2070.904541015625, -0.0, 2516.14208984375
2025-10-27T00:00:00, 2070.953857421875, -0.0, 2516.19775390625
2025-10-28T00:00:00, 2071.005859375, -0.0, 2516.260009765625
2025-10-29T00:00:00, 2071.058837890625, -0.0, 2516.32470703125
2025-10-30T00:00:00, 2071.111328125, -0.0, 2516.387939453125
2025-10-31T00:00:00, 2071.162109375, -0.0, 2516.447998046875
2025-11-01T00:00:00, 2071.210693359375, -0.0, 2516.503662109375
2025-11-02T00:00:00, 2071.25634765625, -0.0, 2516.554443359375
2025-11-03T00:00:00, 2071.299072265625, -0.0, 2516.599609375
2025-11-04T00:00:00, 2071.338623046875, -0.0, 2516.6435546875
2025-11-05T00:00:00, 2071.37548828125, -0.0, 2516.684326171875
2025-11-06T00:00:00, 2071.409423828125, -0.0, 2516.720703125
2025-11-07T00:00:00, 2071.4404296875, -0.0, 2516.751708984375
2025-11-08T00:00:00, 2071.4677734375, -0.0, 2516.777099609375
2025-11-09T00:00:00, 2071.4921875, -0.0, 2516.796875
2025-11-10T00:00:00, 2071.5126953125, -0.0, 2516.810546875
2025-11-11T00:00:00, 2071.5302734375, -0.0, 2516.819091796875
2025-11-12T00:00:00, 2071.54638671875, -0.0, 2516.823486328125
2025-11-13T00:00:00, 2071.560791015625, -0.0, 2516.824462890625
2025-11-14T00:00:00, 2071.57275390625, -0.0, 2516.8212890625
2025-11-15T00:00:00, 2071.581787109375, -0.0, 2516.813720703125
2025-11-16T00:00:00, 2071.59521484375, -0.0, 2516.810791015625
2025-11-17T00:00:00, 2071.61279296875, -0.0, 2516.814208984375
2025-11-18T00:00:00, 2071.63232421875, -0.0, 2516.821044921875
2025-11-19T00:00:00, 2071.651611328125, -0.0, 2516.828857421875
2025-11-20T00:00:00, 2071.676025390625, -0.0, 2516.842529296875
2025-11-21T00:00:00, 2071.71240234375, -0.0, 2516.87158203125
2025-11-22T00:00:00, 2071.7587890625, -0.0, 2516.91552734375
2025-11-23T00:00:00, 2071.810791015625, -0.0, 2516.968994140625
2025-11-24T00:00:00, 2071.865478515625, -0.0, 2517.02734375
2025-11-25T00:00:00, 2071.920166015625, -0.0, 2517.08642578125
2025-11-26T00:00:00, 2071.97412109375, -0.0, 2517.14453125
2025-11-27T00:00:00, 2072.02880859375, -0.0, 2517.20458984375
2025-11-28T00:00:00, 2072.090087890625, -0.0, 2517.2783203125
2025-11-29T00:00:00, 2072.1591796875, -0.0, 2517.369384765625
2025-11-30T00:00:00, 2072.23486328125, -0.0, 2517.472900390625
2025-12-01T00:00:00, 2072.314453125, -0.0, 2517.583251953125
2025-12-02T00:00:00, 2072.395751953125, -0.0, 2517.696044921875
2025-12-03T00:00:00, 2072.4775390625, -0.0, 2517.808349609375
2025-12-04T00:00:00, 2072.558349609375, -0.0, 2517.918212890625
2025-12-05T00:00:00, 2072.637939453125, -0.0, 2518.024658203125
2025-12-06T00:00:00, 2072.716064453125, -0.0, 2518.12744140625
2025-12-07T00:00:00, 2072.7919921875, -0.0, 2518.225830078125
2025-12-08T00:00:00, 2072.86572265625, -0.0, 2518.32373046875
2025-12-09T00:00:00, 2072.937255859375, -0.0, 2518.43017578125
2025-12-10T00:00:00, 2073.00634765625, -0.0, 2518.531982421875
2025-12-11T00:00:00, 2073.073486328125, -0.0, 2518.630859375
2025-12-12T00:00:00, 2073.13818359375, -0.0, 2518.725341796875
2025-12-13T00:00:00, 2073.200927734375, -0.0, 2518.814697265625
2025-12-14T00:00:00, 2073.263916015625, -0.0, 2518.90185546875
2025-12-15T00:00:00, 2073.3291015625, -0.0, 2518.988525390625
2025-12-16T00:00:00, 2073.3955078125, -0.0, 2519.074951171875
2025-12-17T00:00:00, 2073.4619140625, -0.0, 2519.159912109375
2025-12-18T00:00:00, 2073.52734375, -0.0, 2519.242431640625
2025-12-19T00:00:00, 2073.591064453125, -0.0, 2519.322265625
2025-12-20T00:00:00, 2073.65380859375, -0.0, 2519.40283203125
2025-12-21T00:00:00, 2073.715576171875, -0.0, 2519.483642578125
2025-12-22T00:00:00, 2073.776123046875, -0.0, 2519.56298828125
2025-12-23T00:00:00, 2073.8349609375, -0.0, 2519.639892578125
2025-12-24T00:00:00, 2073.89453125, -0.0, 2519.720947265625
2025-12-25T00:00:00, 2073.9580078125, -0.0, 2519.8095703125
2025-12-26T00:00:00, 2074.035400390625, -0.0, 2519.917236328125
2025-12-27T00:00:00, 2074.126953125, -0.0, 2520.043701171875
2025-12-28T00:00:00, 2074.2275390625, -0.0, 2520.183349609375
2025-12-29T00:00:00, 2074.333251953125, -0.0, 2520.330078125
2025-12-30T00:00:00, 2074.441162109375, -0.0, 2520.4794921875
