Dates, OIL_PROD, GAS_PROD, WATER_PROD, WATER_INJ, GAS_INJ, GAS_LIFT, BHP_PROD, BHP_INJ 
 #, Sm3/d, Sm3/d, m3/d, m3/d, Sm3/d, Sm3/d, bar, bar 
2023-01-01T00:00:00, 1500.0, 0.0, 2.2893213475101704e-13, 688.4345092773438, 0.0, 0.0
2023-01-01T00:00:00, 1500.0, 0.0, 1.0045847622134397e-20, 1000.0, 0.0, 0.0
2023-01-02T00:00:00, 1500.0032958984375, 0.0, 2.512598502636729e-23, 1000.0, 0.0, 0.0
2023-01-03T00:00:00, 1500.0, 0.0, 5.500564536847962e-31, 1000.0, 0.0, 0.0
2023-01-04T00:00:00, 1500.0, 0.0, 1.2025553859862498e-38, 1000.0, 0.0, 0.0
2023-01-05T00:00:00, 1500.0, 0.0, 0.0, 259.41009521484375, 0.0, 0.0
2023-01-06T00:00:00, 1500.0, 0.0, 0.0, 29.931936264038086, 0.0, 0.0
2023-01-07T00:00:00, 1500.0, 0.0, 0.0, 179.59161376953125, 0.0, 0.0
2023-01-08T00:00:00, 1500.0, 0.0, 0.0, 1000.0, 0.0, 0.0
2023-01-09T00:00:00, 1500.0, 0.0, 0.0, 1000.0, 0.0, 0.0
2023-01-10T00:00:00, 1500.0, 0.0, 0.0, 1000.0, 0.0, 0.0
2023-01-11T00:00:00, 1500.0, 0.0, 0.0, 1000.0, 0.0, 0.0
2023-01-12T00:00:00, 1500.0, 0.0, 0.0, 1000.0, 0.0, 0.0
2023-01-13T00:00:00, 1500.0, 0.0, 0.0, 1000.0, 0.0, 0.0
2023-01-14T00:00:00, 1500.0, 0.0, 0.0, 1000.0, 0.0, 0.0
2023-01-15T00:00:00, 1500.0, 0.0, 0.0, 1000.0, 0.0, 0.0
2023-01-16T00:00:00, 1500.0, 0.0, 0.0, 1000.0, 0.0, 0.0
2023-01-17T00:00:00, 1500.0, 0.0, 0.0, 1000.0, 0.0, 0.0
2023-01-18T00:00:00, 1500.0, 0.0, 0.0, 1000.0, 0.0, 0.0
2023-01-19T00:00:00, 1500.0, 0.0, 0.0, 1000.0, 0.0, 0.0
2023-01-20T00:00:00, 1500.0, 0.0, 0.0, 1000.0, 0.0, 0.0
2023-01-21T00:00:00, 1500.0, 0.0, 0.0, 1000.0, 0.0, 0.0
2023-01-22T00:00:00, 1500.0, 0.0, 0.0, 1000.0, 0.0, 0.0
2023-01-23T00:00:00, 1500.0, 0.0, 0.0, 1000.0, 0.0, 0.0
2023-01-24T00:00:00, 1500.0, 0.0, 0.0, 1000.0, 0.0, 0.0
2023-01-25T00:00:00, 1500.0, 0.0, 0.0, 578.68408203125, 0.0, 0.0
2023-01-26T00:00:00, 1500.0, 0.0, 0.0, 1000.0, 0.0, 0.0
2023-01-27T00:00:00, 1500.0, 0.0, 0.0, 1000.0, 0.0, 0.0
2023-01-28T00:00:00, 1500.0, 0.0, 0.0, 1000.0, 0.0, 0.0
2023-01-29T00:00:00, 1500.0, 0.0, 0.0, 1000.0, 0.0, 0.0
2023-01-30T00:00:00, 1500.0, 0.0, 0.0, 1000.0, 0.0, 0.0
2023-01-31T00:00:00, 1500.0, 0.0, 0.0, 1000.0, 0.0, 0.0
2023-02-01T00:00:00, 1500.0, 0.0, 0.0, 1000.0, 0.0, 0.0
2023-02-02T00:00:00, 1500.0, 0.0, 0.0, 1000.0, 0.0, 0.0
2023-02-03T00:00:00, 1500.0, 0.0, 0.0, 79.81849670410156, 0.0, 0.0
2023-02-04T00:00:00, 1500.0, 0.0, 0.0, 1000.0, 0.0, 0.0
2023-02-05T00:00:00, 1500.0, 0.0, 0.0, 1000.0, 0.0, 0.0
2023-02-06T00:00:00, 1500.0, 0.0, 0.0, 1000.0, 0.0, 0.0
2023-02-07T00:00:00, 1500.0, 0.0, 0.0, 1000.0, 0.0, 0.0
2023-02-08T00:00:00, 1500.0, 0.0, 0.0, 1000.0, 0.0, 0.0
2023-02-09T00:00:00, 1500.0, 0.0, 0.0, 1000.0, 0.0, 0.0
2023-02-10T00:00:00, 1500.0, 0.0, -0.0, 1000.0, 0.0, 0.0
2023-02-11T00:00:00, 1500.0, 0.0, -0.0, 1000.0, 0.0, 0.0
2023-02-12T00:00:00, 1500.0, 0.0, -0.0, 1000.0, 0.0, 0.0
2023-02-13T00:00:00, 1500.0, 0.0, -0.0, 897.9580688476562, 0.0, 0.0
2023-02-14T00:00:00, 1500.0, 0.0, -0.0, 409.0697937011719, 0.0, 0.0
2023-02-15T00:00:00, 1500.0, 0.0, -0.0, 1000.0, 0.0, 0.0
2023-02-16T00:00:00, 1500.0, 0.0, -0.0, 1000.0, 0.0, 0.0
2023-02-17T00:00:00, 1500.0, 0.0, -0.0, 568.706787109375, 0.0, 0.0
2023-02-18T00:00:00, 1500.0, 0.0, -0.0, 369.1605529785156, 0.0, 0.0
2023-02-19T00:00:00, 1500.0, 0.0, -0.0, 349.2059020996094, 0.0, 0.0
2023-02-20T00:00:00, 1500.0, 0.0, -0.0, 768.2529907226562, 0.0, 0.0
2023-02-21T00:00:00, 1500.0, 0.0, -0.0, 269.3874206542969, 0.0, 0.0
2023-02-22T00:00:00, 1500.0, 0.0, -0.0, 1000.0, 0.0, 0.0
2023-02-23T00:00:00, 1500.0, 0.0, -0.0, 89.79580688476562, 0.0, 0.0
2023-02-24T00:00:00, 1500.0, 0.0, -0.0, 309.2966613769531, 0.0, 0.0
2023-02-25T00:00:00, 1500.0, 0.0, -0.0, 1000.0, 0.0, 0.0
2023-02-26T00:00:00, 1500.0, 0.0, -0.0, 1000.0, 0.0, 0.0
2023-02-27T00:00:00, 1500.0, 0.0, -0.0, 947.8446044921875, 0.0, 0.0
2023-02-28T00:00:00, 1500.0, 0.0, -0.0, 149.65968322753906, 0.0, 0.0
2023-03-01T00:00:00, 1500.0, 0.0, -0.0, 1000.0, 0.0, 0.0
2023-03-02T00:00:00, 1500.0, 0.0, -0.0, 1000.0, 0.0, 0.0
2023-03-03T00:00:00, 1500.0, 0.0, -0.0, 838.0941772460938, 0.0, 0.0
2023-03-04T00:00:00, 1500.0, 0.0, -0.0, 149.65968322753906, 0.0, 0.0
2023-03-05T00:00:00, 1500.0, 0.0, -0.0, 99.77311706542969, 0.0, 0.0
2023-03-06T00:00:00, 1500.0, 0.0, -0.0, 578.68408203125, 0.0, 0.0
2023-03-07T00:00:00, 1500.0, 0.0, -0.0, 259.41009521484375, 0.0, 0.0
2023-03-08T00:00:00, 1500.0, 0.0, -0.0, 478.9109802246094, 0.0, 0.0
2023-03-09T00:00:00, 1491.261962890625, 0.0, -0.0, 458.95635986328125, 0.0, 0.0
2023-03-10T00:00:00, 1481.5203857421875, 0.0, -0.0, 1000.0, 0.0, 0.0
2023-03-11T00:00:00, 1472.9305419921875, 0.0, -0.0, 9.977312088012695, 0.0, 0.0
2023-03-12T00:00:00, 1464.8907470703125, 0.0, -0.0, 209.52354431152344, 0.0, 0.0
2023-03-13T00:00:00, 1457.1697998046875, 0.0, -0.0, 768.2529907226562, 0.0, 0.0
2023-03-14T00:00:00, 1449.6580810546875, 0.0, -0.0, 229.47817993164062, 0.0, 0.0
2023-03-15T00:00:00, 1442.2918701171875, 0.0, -0.0, 0.0, 0.0, 0.0
2023-03-16T00:00:00, 1435.0247802734375, 0.0, -0.0, 0.0, 0.0, 0.0
2023-03-17T00:00:00, 1427.8265380859375, 0.0, -0.0, 1000.0, 0.0, 0.0
2023-03-18T00:00:00, 1420.5887451171875, 0.0, -0.0, 1000.0, 0.0, 0.0
2023-03-19T00:00:00, 1413.45703125, 0.0, -0.0, 1000.0, 0.0, 0.0
2023-03-20T00:00:00, 1406.5013427734375, 0.0, -0.0, 1000.0, 0.0, 0.0
2023-03-21T00:00:00, 1399.7547607421875, 0.0, -0.0, 957.8219604492188, 0.0, 0.0
2023-03-22T00:00:00, 1393.2489013671875, 0.0, -0.0, 1000.0, 0.0, 0.0
2023-03-23T00:00:00, 1386.9814453125, 0.0, -0.0, 89.79580688476562, 0.0, 0.0
2023-03-24T00:00:00, 1380.9232177734375, 0.0, -0.0, 289.342041015625, 0.0, 0.0
2023-03-25T00:00:00, 1375.013671875, 0.0, -0.0, 419.0470886230469, 0.0, 0.0
2023-03-26T00:00:00, 1369.186279296875, 0.0, -0.0, 139.682373046875, 0.0, 0.0
2023-03-27T00:00:00, 1363.3839111328125, 0.0, -0.0, 109.75042724609375, 0.0, 0.0
2023-03-28T00:00:00, 1357.564208984375, 0.0, -0.0, 967.7992553710938, 0.0, 0.0
2023-03-29T00:00:00, 1351.7183837890625, 0.0, -0.0, 1000.0, 0.0, 0.0
2023-03-30T00:00:00, 1345.8726806640625, 0.0, -0.0, 1000.0, 0.0, 0.0
2023-03-31T00:00:00, 1340.0614013671875, 0.0, -0.0, 349.2059020996094, 0.0, 0.0
2023-04-01T00:00:00, 1334.306396484375, 0.0, -0.0, 259.41009521484375, 0.0, 0.0
2023-04-02T00:00:00, 1328.60888671875, 0.0, -0.0, 688.4345092773438, 0.0, 0.0
2023-04-03T00:00:00, 1322.962158203125, 0.0, -0.0, 1000.0, 0.0, 0.0
2023-04-04T00:00:00, 1317.3743896484375, 0.0, -0.0, 1000.0, 0.0, 0.0
2023-04-05T00:00:00, 1311.8563232421875, 0.0, -0.0, 389.11517333984375, 0.0, 0.0
2023-04-06T00:00:00, 1306.4190673828125, 0.0, -0.0, 788.2076416015625, 0.0, 0.0
2023-04-07T00:00:00, 1301.060791015625, 0.0, -0.0, 409.0697937011719, 0.0, 0.0
2023-04-08T00:00:00, 1295.771728515625, 0.0, -0.0, 159.63699340820312, 0.0, 0.0
2023-04-09T00:00:00, 1290.533447265625, 0.0, -0.0, 189.5689239501953, 0.0, 0.0
2023-04-10T00:00:00, 1285.3194580078125, 0.0, -0.0, 488.8882751464844, 0.0, 0.0
2023-04-11T00:00:00, 1280.104248046875, 0.0, -0.0, 339.2286071777344, 0.0, 0.0
2023-04-12T00:00:00, 1274.873046875, 0.0, -0.0, 927.8900146484375, 0.0, 0.0
2023-04-13T00:00:00, 1269.62841796875, 0.0, -0.0, 907.9353637695312, 0.0, 0.0
2023-04-14T00:00:00, 1264.3961181640625, 0.0, -0.0, 1000.0, 0.0, 0.0
2023-04-15T00:00:00, 1259.220458984375, 0.0, -0.0, 1000.0, 0.0, 0.0
2023-04-16T00:00:00, 1254.150634765625, 0.0, -0.0, 1000.0, 0.0, 0.0
2023-04-17T00:00:00, 1249.219970703125, 0.0, -0.0, 628.5706176757812, 0.0, 0.0
2023-04-18T00:00:00, 1244.435546875, 0.0, -0.0, 359.1832275390625, 0.0, 0.0
2023-04-19T00:00:00, 1239.7816162109375, 0.0, -0.0, 1000.0, 0.0, 0.0
2023-04-20T00:00:00, 1235.22802734375, 0.0, -0.0, 19.95462417602539, 0.0, 0.0
2023-04-21T00:00:00, 1230.7420654296875, 0.0, -0.0, 159.63699340820312, 0.0, 0.0
2023-04-22T00:00:00, 1226.27783203125, 0.0, -0.0, 1000.0, 0.0, 0.0
2023-04-23T00:00:00, 1221.82177734375, 0.0, -0.0, 1000.0, 0.0, 0.0
2023-04-24T00:00:00, 1217.39111328125, 0.0, -0.0, 1000.0, 0.0, 0.0
2023-04-25T00:00:00, 1213.0140380859375, 0.0, -0.0, 1000.0, 0.0, 0.0
2023-04-26T00:00:00, 1208.723876953125, 0.0, -0.0, 1000.0, 0.0, 0.0
2023-04-27T00:00:00, 1204.55126953125, 0.0, -0.0, 1000.0, 0.0, 0.0
2023-04-28T00:00:00, 1200.5054931640625, 0.0, -0.0, 269.3874206542969, 0.0, 0.0
2023-04-29T00:00:00, 1196.575439453125, 0.0, -0.0, 838.0941772460938, 0.0, 0.0
2023-04-30T00:00:00, 1192.732666015625, 0.0, -0.0, 718.366455078125, 0.0, 0.0
2023-05-01T00:00:00, 1188.950439453125, 0.0, -0.0, 1000.0, 0.0, 0.0
2023-05-02T00:00:00, 1185.208740234375, 0.0, -0.0, 508.8428955078125, 0.0, 0.0
2023-05-03T00:00:00, 1181.49755859375, 0.0, -0.0, 1000.0, 0.0, 0.0
2023-05-04T00:00:00, 1177.81103515625, 0.0, -0.0, 558.7294921875, 0.0, 0.0
2023-05-05T00:00:00, 1174.1466064453125, 0.0, -0.0, 429.0244140625, 0.0, 0.0
2023-05-06T00:00:00, 1170.4913330078125, 0.0, -0.0, 578.68408203125, 0.0, 0.0
2023-05-07T00:00:00, 1166.83544921875, 0.0, -0.0, 159.63699340820312, 0.0, 0.0
2023-05-08T00:00:00, 1163.1624755859375, 0.0, -0.0, 608.6160278320312, 0.0, 0.0
2023-05-09T00:00:00, 1159.4549560546875, 0.0, -0.0, 518.8201904296875, 0.0, 0.0
2023-05-10T00:00:00, 1155.697998046875, 0.0, -0.0, 79.81849670410156, 0.0, 0.0
2023-05-11T00:00:00, 1151.8818359375, 0.0, -0.0, 488.8882751464844, 0.0, 0.0
2023-05-12T00:00:00, 1148.00146484375, 0.0, -0.0, 1000.0, 0.0, 0.0
2023-05-13T00:00:00, 1144.0582275390625, 0.0, -0.0, 1000.0, 0.0, 0.0
2023-05-14T00:00:00, 1140.088134765625, 0.0, -0.0, 1000.0, 0.0, 0.0
2023-05-15T00:00:00, 1136.150390625, 0.0, -0.0, 788.2076416015625, 0.0, 0.0
2023-05-16T00:00:00, 1132.28662109375, 0.0, -0.0, 1000.0, 0.0, 0.0
2023-05-17T00:00:00, 1128.5262451171875, 0.0, -0.0, 1000.0, 0.0, 0.0
2023-05-18T00:00:00, 1124.887451171875, 0.0, -0.0, 768.2529907226562, 0.0, 0.0
2023-05-19T00:00:00, 1121.3648681640625, 0.0, -0.0, 289.342041015625, 0.0, 0.0
2023-05-20T00:00:00, 1117.9359130859375, 0.0, -0.0, 319.27398681640625, 0.0, 0.0
2023-05-21T00:00:00, 1114.5599365234375, 0.0, -0.0, 209.52354431152344, 0.0, 0.0
2023-05-22T00:00:00, 1111.1929931640625, 0.0, -0.0, 389.11517333984375, 0.0, 0.0
2023-05-23T00:00:00, 1107.794189453125, 0.0, -0.0, 458.95635986328125, 0.0, 0.0
2023-05-24T00:00:00, 1104.3316650390625, 0.0, -0.0, 89.79580688476562, 0.0, 0.0
2023-05-25T00:00:00, 1100.784423828125, 0.0, -0.0, 99.77311706542969, 0.0, 0.0
2023-05-26T00:00:00, 1097.136474609375, 0.0, -0.0, 309.2966613769531, 0.0, 0.0
2023-05-27T00:00:00, 1093.385009765625, 0.0, -0.0, 1000.0, 0.0, 0.0
2023-05-28T00:00:00, 1089.5523681640625, 0.0, -0.0, 1000.0, 0.0, 0.0
2023-05-29T00:00:00, 1085.68017578125, 0.0, -0.0, 748.2984008789062, 0.0, 0.0
2023-05-30T00:00:00, 1081.819580078125, 0.0, -0.0, 1000.0, 0.0, 0.0
2023-05-31T00:00:00, 1078.0115966796875, 0.0, -0.0, 1000.0, 0.0, 0.0
2023-06-01T00:00:00, 1074.29345703125, 0.0, -0.0, 389.11517333984375, 0.0, 0.0
2023-06-02T00:00:00, 1070.6849365234375, 0.0, -0.0, 1000.0, 0.0, 0.0
2023-06-03T00:00:00, 1067.1890869140625, 0.0, -0.0, 1000.0, 0.0, 0.0
2023-06-04T00:00:00, 1063.810546875, 0.0, -0.0, 1000.0, 0.0, 0.0
2023-06-05T00:00:00, 1060.5419921875, 0.0, -0.0, 109.75042724609375, 0.0, 0.0
2023-06-06T00:00:00, 1057.36474609375, 0.0, -0.0, 189.5689239501953, 0.0, 0.0
2023-06-07T00:00:00, 1054.2391357421875, 0.0, -0.0, 648.5252685546875, 0.0, 0.0
2023-06-08T00:00:00, 1051.12890625, 0.0, -0.0, 1000.0, 0.0, 0.0
2023-06-09T00:00:00, 1048.020751953125, 0.0, -0.0, 1000.0, 0.0, 0.0
2023-06-10T00:00:00, 1044.9140625, 0.0, -0.0, 399.09246826171875, 0.0, 0.0
2023-06-11T00:00:00, 1041.810302734375, 0.0, -0.0, 329.25128173828125, 0.0, 0.0
2023-06-12T00:00:00, 1038.7027587890625, 0.0, -0.0, 89.79580688476562, 0.0, 0.0
2023-06-13T00:00:00, 1035.5810546875, 0.0, -0.0, 1000.0, 0.0, 0.0
2023-06-14T00:00:00, 1032.4427490234375, 0.0, -0.0, 1000.0, 0.0, 0.0
2023-06-15T00:00:00, 1029.3065185546875, 0.0, -0.0, 1000.0, 0.0, 0.0
2023-06-16T00:00:00, 1026.2088623046875, 0.0, -0.0, 1000.0, 0.0, 0.0
2023-06-17T00:00:00, 1023.171630859375, 0.0, -0.0, 199.54623413085938, 0.0, 0.0
2023-06-18T00:00:00, 1020.1975708007812, 0.0, -0.0, 219.5008544921875, 0.0, 0.0
2023-06-19T00:00:00, 1017.26171875, 0.0, -0.0, 239.4554901123047, 0.0, 0.0
2023-06-20T00:00:00, 1014.328125, 0.0, -0.0, 109.75042724609375, 0.0, 0.0
2023-06-21T00:00:00, 1011.361083984375, 0.0, -0.0, 538.7748413085938, 0.0, 0.0
2023-06-22T00:00:00, 1008.32568359375, 0.0, -0.0, 39.90924835205078, 0.0, 0.0
2023-06-23T00:00:00, 1005.2047119140625, 0.0, -0.0, 1000.0, 0.0, 0.0
2023-06-24T00:00:00, 1001.9955444335938, 0.0, -0.0, 189.5689239501953, 0.0, 0.0
2023-06-25T00:00:00, 998.7059326171875, 0.0, -0.0, 389.11517333984375, 0.0, 0.0
2023-06-26T00:00:00, 995.3431396484375, 0.0, -0.0, 59.86387252807617, 0.0, 0.0
2023-06-27T00:00:00, 991.912841796875, 0.0, -0.0, 359.1832275390625, 0.0, 0.0
2023-06-28T00:00:00, 988.41552734375, 0.0, -0.0, 0.0, 0.0, 0.0
2023-06-29T00:00:00, 984.8506469726562, 0.0, -0.0, 0.0, 0.0, 0.0
2023-06-30T00:00:00, 981.2115478515625, 0.0, -0.0, 99.77311706542969, 0.0, 0.0
2023-07-01T00:00:00, 977.4876098632812, 0.0, -0.0, 149.65968322753906, 0.0, 0.0
2023-07-02T00:00:00, 973.6775512695312, 0.0, -0.0, 249.43280029296875, 0.0, 0.0
2023-07-03T00:00:00, 969.78173828125, 0.0, -0.0, 0.0, 0.0, 0.0
2023-07-04T00:00:00, 965.802978515625, 0.0, -0.0, 329.25128173828125, 0.0, 0.0
2023-07-05T00:00:00, 961.7451782226562, 0.0, -0.0, 109.75042724609375, 0.0, 0.0
2023-07-06T00:00:00, 957.617431640625, 0.0, -0.0, 369.1605529785156, 0.0, 0.0
2023-07-07T00:00:00, 953.42822265625, 0.0, -0.0, 89.79580688476562, 0.0, 0.0
2023-07-08T00:00:00, 949.188720703125, 0.0, -0.0, 149.65968322753906, 0.0, 0.0
2023-07-09T00:00:00, 944.9083251953125, 0.0, -0.0, 229.47817993164062, 0.0, 0.0
2023-07-10T00:00:00, 940.6002807617188, 0.0, -0.0, 1000.0, 0.0, 0.0
2023-07-11T00:00:00, 936.3052978515625, 0.0, -0.0, 1000.0, 0.0, 0.0
2023-07-12T00:00:00, 932.0980224609375, 0.0, -0.0, 1000.0, 0.0, 0.0
2023-07-13T00:00:00, 928.0675048828125, 0.0, -0.0, 1000.0, 0.0, 0.0
2023-07-14T00:00:00, 924.2977905273438, 0.0, -0.0, 1000.0, 0.0, 0.0
2023-07-15T00:00:00, 920.8460693359375, 0.0, -0.0, 1000.0, 0.0, 0.0
2023-07-16T00:00:00, 917.7347412109375, 0.0, -0.0, 1000.0, 0.0, 0.0
2023-07-17T00:00:00, 914.9600830078125, 0.0, -0.0, 1000.0, 0.0, 0.0
2023-07-18T00:00:00, 912.45751953125, 0.0, -0.0, 99.77311706542969, 0.0, 0.0
2023-07-19T00:00:00, 910.1346435546875, 0.0, -0.0, 967.7992553710938, 0.0, 0.0
2023-07-20T00:00:00, 907.9173583984375, 0.0, -0.0, 1000.0, 0.0, 0.0
2023-07-21T00:00:00, 905.7589721679688, 0.0, -0.0, 588.661376953125, 0.0, 0.0
2023-07-22T00:00:00, 903.6220703125, 0.0, -0.0, 149.65968322753906, 0.0, 0.0
2023-07-23T00:00:00, 901.4667358398438, 0.0, -0.0, 219.5008544921875, 0.0, 0.0
2023-07-24T00:00:00, 899.2493896484375, 0.0, -0.0, 49.886558532714844, 0.0, 0.0
2023-07-25T00:00:00, 896.931884765625, 0.0, -0.0, 0.0, 0.0, 0.0
2023-07-26T00:00:00, 894.4838256835938, 0.0, -0.0, 0.0, 0.0, 0.0
2023-07-27T00:00:00, 891.8853759765625, 0.0, -0.0, 0.0, 0.0, 0.0
2023-07-28T00:00:00, 889.1264038085938, 0.0, -0.0, 159.63699340820312, 0.0, 0.0
2023-07-29T00:00:00, 886.2091674804688, 0.0, -0.0, 1000.0, 0.0, 0.0
2023-07-30T00:00:00, 883.15380859375, 0.0, -0.0, 209.52354431152344, 0.0, 0.0
2023-07-31T00:00:00, 879.9895629882812, 0.0, -0.0, 468.93365478515625, 0.0, 0.0
2023-08-01T00:00:00, 876.7425537109375, 0.0, -0.0, 79.81849670410156, 0.0, 0.0
2023-08-02T00:00:00, 873.4330444335938, 0.0, -0.0, 269.3874206542969, 0.0, 0.0
2023-08-03T00:00:00, 870.0728149414062, 0.0, -0.0, 219.5008544921875, 0.0, 0.0
2023-08-04T00:00:00, 866.6686401367188, 0.0, -0.0, 339.2286071777344, 0.0, 0.0
2023-08-05T00:00:00, 863.2234497070312, 0.0, -0.0, 39.90924835205078, 0.0, 0.0
2023-08-06T00:00:00, 859.7457275390625, 0.0, -0.0, 987.7538452148438, 0.0, 0.0
2023-08-07T00:00:00, 856.2634887695312, 0.0, -0.0, 878.00341796875, 0.0, 0.0
2023-08-08T00:00:00, 852.8233032226562, 0.0, -0.0, 738.3211059570312, 0.0, 0.0
2023-08-09T00:00:00, 849.4644165039062, 0.0, -0.0, 299.3193664550781, 0.0, 0.0
2023-08-10T00:00:00, 846.200439453125, 0.0, -0.0, 149.65968322753906, 0.0, 0.0
2023-08-11T00:00:00, 843.0218505859375, 0.0, -0.0, 339.2286071777344, 0.0, 0.0
2023-08-12T00:00:00, 839.903076171875, 0.0, -0.0, 199.54623413085938, 0.0, 0.0
2023-08-13T00:00:00, 836.822509765625, 0.0, -0.0, 937.8673095703125, 0.0, 0.0
2023-08-14T00:00:00, 833.7799072265625, 0.0, -0.0, 1000.0, 0.0, 0.0
2023-08-15T00:00:00, 830.8118896484375, 0.0, -0.0, 1000.0, 0.0, 0.0
2023-08-16T00:00:00, 827.955322265625, 0.0, -0.0, 339.2286071777344, 0.0, 0.0
2023-08-17T00:00:00, 825.2144775390625, 0.0, -0.0, 59.86387252807617, 0.0, 0.0
2023-08-18T00:00:00, 822.5657958984375, 0.0, -0.0, 229.47817993164062, 0.0, 0.0
2023-08-19T00:00:00, 819.9736328125, 0.0, -0.0, 1000.0, 0.0, 0.0
2023-08-20T00:00:00, 817.4136352539062, 0.0, -0.0, 488.8882751464844, 0.0, 0.0
2023-08-21T00:00:00, 814.8804931640625, 0.0, -0.0, 1000.0, 0.0, 0.0
2023-08-22T00:00:00, 812.3989868164062, 0.0, -0.0, 1000.0, 0.0, 0.0
2023-08-23T00:00:00, 809.9972534179688, 0.0, -0.0, 419.0470886230469, 0.0, 0.0
2023-08-24T00:00:00, 807.6802368164062, 0.0, -0.0, 49.886558532714844, 0.0, 0.0
2023-08-25T00:00:00, 805.4317626953125, 0.0, -0.0, 79.81849670410156, 0.0, 0.0
2023-08-26T00:00:00, 803.2156372070312, 0.0, -0.0, 79.81849670410156, 0.0, 0.0
2023-08-27T00:00:00, 800.9927978515625, 0.0, -0.0, 329.25128173828125, 0.0, 0.0
2023-08-28T00:00:00, 798.7364501953125, 0.0, -0.0, 1000.0, 0.0, 0.0
2023-08-29T00:00:00, 796.4476928710938, 0.0, -0.0, 1000.0, 0.0, 0.0
2023-08-30T00:00:00, 794.1689453125, 0.0, -0.0, 1000.0, 0.0, 0.0
2023-08-31T00:00:00, 791.9734497070312, 0.0, -0.0, 1000.0, 0.0, 0.0
2023-09-01T00:00:00, 789.9066772460938, 0.0, -0.0, 399.09246826171875, 0.0, 0.0
2023-09-02T00:00:00, 787.9599609375, 0.0, -0.0, 329.25128173828125, 0.0, 0.0
2023-09-03T00:00:00, 786.0999145507812, 0.0, -0.0, 967.7992553710938, 0.0, 0.0
2023-09-04T00:00:00, 784.30126953125, 0.0, -0.0, 1000.0, 0.0, 0.0
2023-09-05T00:00:00, 782.5704956054688, 0.0, -0.0, 1000.0, 0.0, 0.0
2023-09-06T00:00:00, 780.9454345703125, 0.0, -0.0, 1000.0, 0.0, 0.0
2023-09-07T00:00:00, 779.4647827148438, 0.0, -0.0, 878.00341796875, 0.0, 0.0
2023-09-08T00:00:00, 778.1549682617188, 0.0, -0.0, 1000.0, 0.0, 0.0
2023-09-09T00:00:00, 777.0302124023438, 0.0, -0.0, 1000.0, 0.0, 0.0
2023-09-10T00:00:00, 776.100830078125, 0.0, -0.0, 1000.0, 0.0, 0.0
2023-09-11T00:00:00, 775.3336791992188, 0.0, -0.0, 688.4345092773438, 0.0, 0.0
2023-09-12T00:00:00, 774.6834716796875, 0.0, -0.0, 1000.0, 0.0, 0.0
2023-09-13T00:00:00, 774.0868530273438, 0.0, -0.0, 429.0244140625, 0.0, 0.0
2023-09-14T00:00:00, 773.4879150390625, 0.0, -0.0, 1000.0, 0.0, 0.0
2023-09-15T00:00:00, 772.846435546875, 0.0, -0.0, 379.1378479003906, 0.0, 0.0
2023-09-16T00:00:00, 772.1293334960938, 0.0, -0.0, 239.4554901123047, 0.0, 0.0
2023-09-17T00:00:00, 771.3052368164062, 0.0, -0.0, 69.8411865234375, 0.0, 0.0
2023-09-18T00:00:00, 770.345703125, 0.0, -0.0, 99.77311706542969, 0.0, 0.0
2023-09-19T00:00:00, 769.2247924804688, 0.0, -0.0, 89.79580688476562, 0.0, 0.0
2023-09-20T00:00:00, 767.927978515625, 0.0, -0.0, 1000.0, 0.0, 0.0
2023-09-21T00:00:00, 766.4708251953125, 0.0, -0.0, 1000.0, 0.0, 0.0
2023-09-22T00:00:00, 764.8873291015625, 0.0, -0.0, 359.1832275390625, 0.0, 0.0
2023-09-23T00:00:00, 763.2207641601562, 0.0, -0.0, 1000.0, 0.0, 0.0
2023-09-24T00:00:00, 761.5274047851562, 0.0, -0.0, 1000.0, 0.0, 0.0
2023-09-25T00:00:00, 759.85986328125, 0.0, -0.0, 628.5706176757812, 0.0, 0.0
2023-09-26T00:00:00, 758.2380981445312, 0.0, -0.0, 169.6143035888672, 0.0, 0.0
2023-09-27T00:00:00, 756.6556396484375, 0.0, -0.0, 698.4118041992188, 0.0, 0.0
2023-09-28T00:00:00, 755.088623046875, 0.0, -0.0, 319.27398681640625, 0.0, 0.0
2023-09-29T00:00:00, 753.5149536132812, 0.0, -0.0, 1000.0, 0.0, 0.0
2023-09-30T00:00:00, 751.9238891601562, 0.0, -0.0, 419.0470886230469, 0.0, 0.0
2023-10-01T00:00:00, 750.3158569335938, 0.0, -0.0, 1000.0, 0.0, 0.0
2023-10-02T00:00:00, 748.7151489257812, 0.0, -0.0, 1000.0, 0.0, 0.0
2023-10-03T00:00:00, 747.1732788085938, 0.0, -0.0, 1000.0, 0.0, 0.0
2023-10-04T00:00:00, 745.7379760742188, 0.0, -0.0, 708.38916015625, 0.0, 0.0
2023-10-05T00:00:00, 744.4114990234375, 0.0, -0.0, 439.001708984375, 0.0, 0.0
2023-10-06T00:00:00, 743.1654052734375, 0.0, -0.0, 648.5252685546875, 0.0, 0.0
2023-10-07T00:00:00, 741.96923828125, 0.0, -0.0, 1000.0, 0.0, 0.0
2023-10-08T00:00:00, 740.8125, 0.0, -0.0, 1000.0, 0.0, 0.0
2023-10-09T00:00:00, 739.7025146484375, 0.0, -0.0, 708.38916015625, 0.0, 0.0
2023-10-10T00:00:00, 738.65673828125, 0.0, -0.0, 1000.0, 0.0, 0.0
2023-10-11T00:00:00, 737.670166015625, 0.0, -0.0, 159.63699340820312, 0.0, 0.0
2023-10-12T00:00:00, 736.7178344726562, 0.0, -0.0, 169.6143035888672, 0.0, 0.0
2023-10-13T00:00:00, 735.763671875, 0.0, -0.0, 1000.0, 0.0, 0.0
2023-10-14T00:00:00, 734.7841796875, 0.0, -0.0, 1000.0, 0.0, 0.0
2023-10-15T00:00:00, 733.788818359375, 0.0, -0.0, 1000.0, 0.0, 0.0
2023-10-16T00:00:00, 732.82275390625, 0.0, -0.0, 1000.0, 0.0, 0.0
2023-10-17T00:00:00, 731.954345703125, 0.0, -0.0, 1000.0, 0.0, 0.0
2023-10-18T00:00:00, 731.2626342773438, 0.0, -0.0, 1000.0, 0.0, 0.0
2023-10-19T00:00:00, 730.6757202148438, 0.0, -0.0, 69.8411865234375, 0.0, 0.0
2023-10-20T00:00:00, 730.1121826171875, 0.0, -0.0, 1000.0, 0.0, 0.0
2023-10-21T00:00:00, 729.532470703125, 0.0, -0.0, 1000.0, 0.0, 0.0
2023-10-22T00:00:00, 728.9397583007812, 0.0, -0.0, 1000.0, 0.0, 0.0
2023-10-23T00:00:00, 728.3416748046875, 0.0, -0.0, 369.1605529785156, 0.0, 0.0
2023-10-24T00:00:00, 727.7265014648438, 0.0, -0.0, 149.65968322753906, 0.0, 0.0
2023-10-25T00:00:00, 727.0750732421875, 0.0, -0.0, 1000.0, 0.0, 0.0
2023-10-26T00:00:00, 726.3711547851562, 0.0, -0.0, 1000.0, 0.0, 0.0
2023-10-27T00:00:00, 725.6292724609375, 0.0, -0.0, 1000.0, 0.0, 0.0
2023-10-28T00:00:00, 724.897705078125, 0.0, -0.0, 1000.0, 0.0, 0.0
2023-10-29T00:00:00, 724.192626953125, 0.0, -0.0, 269.3874206542969, 0.0, 0.0
2023-10-30T00:00:00, 723.5075073242188, 0.0, -0.0, 1000.0, 0.0, 0.0
2023-10-31T00:00:00, 722.838623046875, 0.0, -0.0, 1000.0, 0.0, 0.0
2023-11-01T00:00:00, 722.2045288085938, 0.0, -0.0, 1000.0, 0.0, 0.0
2023-11-02T00:00:00, 721.6210327148438, 0.0, -0.0, 658.5025634765625, 0.0, 0.0
2023-11-03T00:00:00, 721.0953979492188, 0.0, -0.0, 1000.0, 0.0, 0.0
2023-11-04T00:00:00, 720.642333984375, 0.0, -0.0, 1000.0, 0.0, 0.0
2023-11-05T00:00:00, 720.3074951171875, 0.0, -0.0, 1000.0, 0.0, 0.0
2023-11-06T00:00:00, 720.2892456054688, 0.0, -0.0, 1000.0, 0.0, 0.0
2023-11-07T00:00:00, 721.4678344726562, 0.0, -0.0, 1000.0, 0.0, 0.0
2023-11-08T00:00:00, 722.3195190429688, 0.0, -0.0, 1000.0, 0.0, 0.0
2023-11-09T00:00:00, 723.6425170898438, 0.0, -0.0, 1000.0, 0.0, 0.0
2023-11-10T00:00:00, 725.1994018554688, 0.0, -0.0, 1000.0, 0.0, 0.0
2023-11-11T00:00:00, 726.8764038085938, 0.0, -0.0, 1000.0, 0.0, 0.0
2023-11-12T00:00:00, 728.5967407226562, 0.0, -0.0, 987.7538452148438, 0.0, 0.0
2023-11-13T00:00:00, 730.317626953125, 0.0, -0.0, 1000.0, 0.0, 0.0
2023-11-14T00:00:00, 732.0263061523438, 0.0, -0.0, 1000.0, 0.0, 0.0
2023-11-15T00:00:00, 733.71728515625, 0.0, -0.0, 1000.0, 0.0, 0.0
2023-11-16T00:00:00, 735.3875122070312, 0.0, -0.0, 1000.0, 0.0, 0.0
2023-11-17T00:00:00, 737.0337524414062, 0.0, -0.0, 1000.0, 0.0, 0.0
2023-11-18T00:00:00, 738.6531372070312, 0.0, -0.0, 1000.0, 0.0, 0.0
2023-11-19T00:00:00, 740.244873046875, 0.0, -0.0, 1000.0, 0.0, 0.0
2023-11-20T00:00:00, 741.706298828125, 0.0, -0.0, 907.9353637695312, 0.0, 0.0
2023-11-21T00:00:00, 742.4780883789062, 0.0, -0.0, 518.8201904296875, 0.0, 0.0
2023-11-22T00:00:00, 741.4634399414062, 0.0, -0.0, 69.8411865234375, 0.0, 0.0
2023-11-23T00:00:00, 738.2112426757812, 0.0, -0.0, 458.95635986328125, 0.0, 0.0
2023-11-24T00:00:00, 733.620361328125, 0.0, -0.0, 1000.0, 0.0, 0.0
2023-11-25T00:00:00, 729.060546875, 0.0, -0.0, 1000.0, 0.0, 0.0
2023-11-26T00:00:00, 725.4705200195312, 0.0, -0.0, 1000.0, 0.0, 0.0
2023-11-27T00:00:00, 723.184814453125, 0.0, -0.0, 1000.0, 0.0, 0.0
2023-11-28T00:00:00, 722.1160278320312, 0.0, -0.0, 1000.0, 0.0, 0.0
2023-11-29T00:00:00, 722.025634765625, 0.0, -0.0, 1000.0, 0.0, 0.0
2023-11-30T00:00:00, 722.6383666992188, 0.0, -0.0, 1000.0, 0.0, 0.0
2023-12-01T00:00:00, 723.722900390625, 0.0, -0.0, 1000.0, 0.0, 0.0
2023-12-02T00:00:00, 725.1065673828125, 0.0, -0.0, 1000.0, 0.0, 0.0
2023-12-03T00:00:00, 726.6683959960938, 0.0, -0.0, 1000.0, 0.0, 0.0
2023-12-04T00:00:00, 728.0680541992188, 0.0, -0.0, 758.2756958007812, 0.0, 0.0
2023-12-05T00:00:00, 728.555908203125, 0.0, -0.0, 439.001708984375, 0.0, 0.0
2023-12-06T00:00:00, 727.7376098632812, 0.0, -0.0, 658.5025634765625, 0.0, 0.0
2023-12-07T00:00:00, 726.0706176757812, 0.0, -0.0, 1000.0, 0.0, 0.0
2023-12-08T00:00:00, 724.1527709960938, 0.0, -0.0, 828.1168823242188, 0.0, 0.0
2023-12-09T00:00:00, 722.4994506835938, 0.0, -0.0, 1000.0, 0.0, 0.0
2023-12-10T00:00:00, 721.4583129882812, 0.0, -0.0, 1000.0, 0.0, 0.0
2023-12-11T00:00:00, 721.1201171875, 0.0, -0.0, 1000.0, 0.0, 0.0
2023-12-12T00:00:00, 721.4329833984375, 0.0, -0.0, 1000.0, 0.0, 0.0
2023-12-13T00:00:00, 722.2630615234375, 0.0, -0.0, 1000.0, 0.0, 0.0
2023-12-14T00:00:00, 723.4671020507812, 0.0, -0.0, 1000.0, 0.0, 0.0
2023-12-15T00:00:00, 724.9179077148438, 0.0, -0.0, 1000.0, 0.0, 0.0
2023-12-16T00:00:00, 726.519775390625, 0.0, -0.0, 1000.0, 0.0, 0.0
2023-12-17T00:00:00, 728.2050170898438, 0.0, -0.0, 1000.0, 0.0, 0.0
2023-12-18T00:00:00, 729.9281005859375, 0.0, -0.0, 1000.0, 0.0, 0.0
2023-12-19T00:00:00, 731.6594848632812, 0.0, -0.0, 1000.0, 0.0, 0.0
2023-12-20T00:00:00, 733.38037109375, 0.0, -0.0, 1000.0, 0.0, 0.0
2023-12-21T00:00:00, 735.0791625976562, 0.0, -0.0, 1000.0, 0.0, 0.0
2023-12-22T00:00:00, 736.7486572265625, 0.0, -0.0, 1000.0, 0.0, 0.0
2023-12-23T00:00:00, 738.3848876953125, 0.0, -0.0, 1000.0, 0.0, 0.0
2023-12-24T00:00:00, 739.9879150390625, 0.0, -0.0, 1000.0, 0.0, 0.0
2023-12-25T00:00:00, 741.5546875, 0.0, -0.0, 1000.0, 0.0, 0.0
2023-12-26T00:00:00, 743.0856323242188, 0.0, -0.0, 1000.0, 0.0, 0.0
2023-12-27T00:00:00, 744.580810546875, 0.0, -0.0, 1000.0, 0.0, 0.0
2023-12-28T00:00:00, 746.0405883789062, 0.0, -0.0, 1000.0, 0.0, 0.0
2023-12-29T00:00:00, 747.3564453125, 0.0, -0.0, 897.9580688476562, 0.0, 0.0
2023-12-30T00:00:00, 748.4915161132812, 0.0, -0.0, 1000.0, 0.0, 0.0
2023-12-31T00:00:00, 749.5198974609375, 0.0, -0.0, 1000.0, 0.0, 0.0
2024-01-01T00:00:00, 750.191650390625, 0.0, -0.0, 688.4345092773438, 0.0, 0.0
2024-01-02T00:00:00, 750.4427490234375, 0.0, -0.0, 1000.0, 0.0, 0.0
2024-01-03T00:00:00, 750.5281372070312, 0.0, -0.0, 1000.0, 0.0, 0.0
2024-01-04T00:00:00, 750.677734375, 0.0, -0.0, 1000.0, 0.0, 0.0
2024-01-05T00:00:00, 750.2183227539062, 0.0, -0.0, 259.41009521484375, 0.0, 0.0
2024-01-06T00:00:00, 747.9038696289062, 0.0, -0.0, 29.931936264038086, 0.0, 0.0
2024-01-07T00:00:00, 743.12451171875, 0.0, -0.0, 179.59161376953125, 0.0, 0.0
2024-01-08T00:00:00, 737.164794921875, 0.0, -0.0, 1000.0, 0.0, 0.0
2024-01-09T00:00:00, 731.3702392578125, 0.0, -0.0, 1000.0, 0.0, 0.0
2024-01-10T00:00:00, 726.7492065429688, 0.0, -0.0, 1000.0, 0.0, 0.0
2024-01-11T00:00:00, 723.6528930664062, 0.0, -0.0, 1000.0, 0.0, 0.0
2024-01-12T00:00:00, 721.97900390625, 0.0, -0.0, 1000.0, 0.0, 0.0
2024-01-13T00:00:00, 721.4622192382812, 0.0, -0.0, 1000.0, 0.0, 0.0
2024-01-14T00:00:00, 721.7930297851562, 0.0, -0.0, 1000.0, 0.0, 0.0
2024-01-15T00:00:00, 722.7008056640625, 0.0, -0.0, 1000.0, 0.0, 0.0
2024-01-16T00:00:00, 723.9786376953125, 0.0, -0.0, 1000.0, 0.0, 0.0
2024-01-17T00:00:00, 725.4822387695312, 0.0, -0.0, 1000.0, 0.0, 0.0
2024-01-18T00:00:00, 727.1132202148438, 0.0, -0.0, 1000.0, 0.0, 0.0
2024-01-19T00:00:00, 728.8085327148438, 0.0, -0.0, 1000.0, 0.0, 0.0
2024-01-20T00:00:00, 730.52783203125, 0.0, -0.0, 1000.0, 0.0, 0.0
2024-01-21T00:00:00, 732.2461547851562, 0.0, -0.0, 1000.0, 0.0, 0.0
2024-01-22T00:00:00, 733.9478759765625, 0.0, -0.0, 1000.0, 0.0, 0.0
2024-01-23T00:00:00, 735.6237182617188, 0.0, -0.0, 1000.0, 0.0, 0.0
2024-01-24T00:00:00, 737.2691650390625, 0.0, -0.0, 1000.0, 0.0, 0.0
2024-01-25T00:00:00, 738.4298706054688, 0.0, -0.0, 578.68408203125, 0.0, 0.0
2024-01-26T00:00:00, 738.9577026367188, 0.0, -0.0, 1000.0, 0.0, 0.0
2024-01-27T00:00:00, 739.1553344726562, 0.0, -0.0, 1000.0, 0.0, 0.0
2024-01-28T00:00:00, 739.3584594726562, 0.0, -0.0, 1000.0, 0.0, 0.0
2024-01-29T00:00:00, 739.775634765625, 0.0, -0.0, 1000.0, 0.0, 0.0
2024-01-30T00:00:00, 740.4574584960938, 0.0, -0.0, 1000.0, 0.0, 0.0
2024-01-31T00:00:00, 741.37841796875, 0.0, -0.0, 1000.0, 0.0, 0.0
2024-02-01T00:00:00, 742.4794311523438, 0.0, -0.0, 1000.0, 0.0, 0.0
2024-02-02T00:00:00, 743.6974487304688, 0.0, -0.0, 1000.0, 0.0, 0.0
2024-02-03T00:00:00, 743.9859008789062, 0.0, -0.0, 79.81849670410156, 0.0, 0.0
2024-02-04T00:00:00, 743.0447998046875, 0.0, -0.0, 1000.0, 0.0, 0.0
2024-02-05T00:00:00, 741.4498901367188, 0.0, -0.0, 1000.0, 0.0, 0.0
2024-02-06T00:00:00, 739.9343872070312, 0.0, -0.0, 1000.0, 0.0, 0.0
2024-02-07T00:00:00, 738.9404907226562, 0.0, -0.0, 1000.0, 0.0, 0.0
2024-02-08T00:00:00, 738.5840454101562, 0.0, -0.0, 1000.0, 0.0, 0.0
2024-02-09T00:00:00, 738.7931518554688, 0.0, -0.0, 1000.0, 0.0, 0.0
2024-02-10T00:00:00, 739.4409790039062, 0.0, -0.0, 1000.0, 0.0, 0.0
2024-02-11T00:00:00, 740.3927612304688, 0.0, -0.0, 1000.0, 0.0, 0.0
2024-02-12T00:00:00, 741.5423583984375, 0.0, -0.0, 1000.0, 0.0, 0.0
2024-02-13T00:00:00, 742.7008666992188, 0.0, -0.0, 897.9580688476562, 0.0, 0.0
2024-02-14T00:00:00, 743.1376953125, 0.0, -0.0, 409.0697937011719, 0.0, 0.0
2024-02-15T00:00:00, 742.7208862304688, 0.0, -0.0, 1000.0, 0.0, 0.0
2024-02-16T00:00:00, 741.8826293945312, 0.0, -0.0, 1000.0, 0.0, 0.0
2024-02-17T00:00:00, 740.6925659179688, 0.0, -0.0, 568.706787109375, 0.0, 0.0
2024-02-18T00:00:00, 738.6160888671875, 0.0, -0.0, 369.1605529785156, 0.0, 0.0
2024-02-19T00:00:00, 735.1282958984375, 0.0, -0.0, 349.2059020996094, 0.0, 0.0
2024-02-20T00:00:00, 730.5945434570312, 0.0, -0.0, 768.2529907226562, 0.0, 0.0
2024-02-21T00:00:00, 725.9366455078125, 0.0, -0.0, 269.3874206542969, 0.0, 0.0
2024-02-22T00:00:00, 722.2981567382812, 0.0, -0.0, 1000.0, 0.0, 0.0
2024-02-23T00:00:00, 720.2116088867188, 0.0, -0.0, 89.79580688476562, 0.0, 0.0
2024-02-24T00:00:00, 719.6626586914062, 0.0, -0.0, 309.2966613769531, 0.0, 0.0
2024-02-25T00:00:00, 718.912841796875, 0.0, -0.0, 1000.0, 0.0, 0.0
2024-02-26T00:00:00, 718.0116577148438, 0.0, -0.0, 1000.0, 0.0, 0.0
2024-02-27T00:00:00, 717.0232543945312, 0.0, -0.0, 947.8446044921875, 0.0, 0.0
2024-02-28T00:00:00, 715.9915771484375, 0.0, -0.0, 149.65968322753906, 0.0, 0.0
2024-02-29T00:00:00, 714.9404296875, 0.0, -0.0, 1000.0, 0.0, 0.0
2024-03-01T00:00:00, 713.8887939453125, 0.0, -0.0, 1000.0, 0.0, 0.0
2024-03-02T00:00:00, 712.8654174804688, 0.0, -0.0, 838.0941772460938, 0.0, 0.0
2024-03-03T00:00:00, 711.8778076171875, 0.0, -0.0, 149.65968322753906, 0.0, 0.0
2024-03-04T00:00:00, 710.9104614257812, 0.0, -0.0, 99.77311706542969, 0.0, 0.0
2024-03-05T00:00:00, 709.9338989257812, 0.0, -0.0, 578.68408203125, 0.0, 0.0
2024-03-06T00:00:00, 708.9141235351562, 0.0, -0.0, 259.41009521484375, 0.0, 0.0
2024-03-07T00:00:00, 707.8231201171875, 0.0, -0.0, 478.9109802246094, 0.0, 0.0
2024-03-08T00:00:00, 706.6425170898438, 0.0, -0.0, 458.95635986328125, 0.0, 0.0
2024-03-09T00:00:00, 705.368408203125, 0.0, -0.0, 1000.0, 0.0, 0.0
2024-03-10T00:00:00, 704.00927734375, 0.0, -0.0, 9.977312088012695, 0.0, 0.0
2024-03-11T00:00:00, 702.5746459960938, 0.0, -0.0, 209.52354431152344, 0.0, 0.0
2024-03-12T00:00:00, 701.0712280273438, 0.0, -0.0, 768.2529907226562, 0.0, 0.0
2024-03-13T00:00:00, 699.5049438476562, 0.0, -0.0, 229.47817993164062, 0.0, 0.0
2024-03-14T00:00:00, 697.87841796875, 0.0, -0.0, 0.0, 0.0, 0.0
2024-03-15T00:00:00, 696.1931762695312, 0.0, -0.0, 0.0, 0.0, 0.0
2024-03-16T00:00:00, 694.4486694335938, 0.0, -0.0, 1000.0, 0.0, 0.0
2024-03-17T00:00:00, 692.6627197265625, 0.0, -0.0, 1000.0, 0.0, 0.0
2024-03-18T00:00:00, 690.89013671875, 0.0, -0.0, 1000.0, 0.0, 0.0
2024-03-19T00:00:00, 689.2256469726562, 0.0, -0.0, 1000.0, 0.0, 0.0
2024-03-20T00:00:00, 687.7720336914062, 0.0, -0.0, 957.8219604492188, 0.0, 0.0
2024-03-21T00:00:00, 686.6273803710938, 0.0, -0.0, 1000.0, 0.0, 0.0
2024-03-22T00:00:00, 685.7330932617188, 0.0, -0.0, 89.79580688476562, 0.0, 0.0
2024-03-23T00:00:00, 684.9214477539062, 0.0, -0.0, 289.342041015625, 0.0, 0.0
2024-03-24T00:00:00, 684.0706787109375, 0.0, -0.0, 419.0470886230469, 0.0, 0.0
2024-03-25T00:00:00, 683.1168823242188, 0.0, -0.0, 139.682373046875, 0.0, 0.0
2024-03-26T00:00:00, 682.0294799804688, 0.0, -0.0, 109.75042724609375, 0.0, 0.0
2024-03-27T00:00:00, 680.8026123046875, 0.0, -0.0, 967.7992553710938, 0.0, 0.0
2024-03-28T00:00:00, 679.4573974609375, 0.0, -0.0, 1000.0, 0.0, 0.0
2024-03-29T00:00:00, 678.0558471679688, 0.0, -0.0, 1000.0, 0.0, 0.0
2024-03-30T00:00:00, 676.66259765625, 0.0, -0.0, 349.2059020996094, 0.0, 0.0
2024-03-31T00:00:00, 675.2988891601562, 0.0, -0.0, 259.41009521484375, 0.0, 0.0
2024-04-01T00:00:00, 673.9585571289062, 0.0, -0.0, 688.4345092773438, 0.0, 0.0
2024-04-02T00:00:00, 672.6322021484375, 0.0, -0.0, 1000.0, 0.0, 0.0
2024-04-03T00:00:00, 671.3372192382812, 0.0, -0.0, 1000.0, 0.0, 0.0
2024-04-04T00:00:00, 670.0975341796875, 0.0, -0.0, 389.11517333984375, 0.0, 0.0
2024-04-05T00:00:00, 668.924560546875, 0.0, -0.0, 788.2076416015625, 0.0, 0.0
2024-04-06T00:00:00, 667.8114624023438, 0.0, -0.0, 409.0697937011719, 0.0, 0.0
2024-04-07T00:00:00, 666.734619140625, 0.0, -0.0, 159.63699340820312, 0.0, 0.0
2024-04-08T00:00:00, 665.6616821289062, 0.0, -0.0, 189.5689239501953, 0.0, 0.0
2024-04-09T00:00:00, 664.5572509765625, 0.0, -0.0, 488.8882751464844, 0.0, 0.0
2024-04-10T00:00:00, 663.3926391601562, 0.0, -0.0, 339.2286071777344, 0.0, 0.0
2024-04-11T00:00:00, 662.1527099609375, 0.0, -0.0, 927.8900146484375, 0.0, 0.0
2024-04-12T00:00:00, 660.85009765625, 0.0, -0.0, 907.9353637695312, 0.0, 0.0
2024-04-13T00:00:00, 659.5352783203125, 0.0, -0.0, 1000.0, 0.0, 0.0
2024-04-14T00:00:00, 658.3011474609375, 0.0, -0.0, 1000.0, 0.0, 0.0
2024-04-15T00:00:00, 657.2750244140625, 0.0, -0.0, 1000.0, 0.0, 0.0
2024-04-16T00:00:00, 656.543701171875, 0.0, -0.0, 628.5706176757812, 0.0, 0.0
2024-04-17T00:00:00, 655.9771118164062, 0.0, -0.0, 359.1832275390625, 0.0, 0.0
2024-04-18T00:00:00, 655.4735107421875, 0.0, -0.0, 1000.0, 0.0, 0.0
2024-04-19T00:00:00, 654.9411010742188, 0.0, -0.0, 19.95462417602539, 0.0, 0.0
2024-04-20T00:00:00, 654.3186645507812, 0.0, -0.0, 159.63699340820312, 0.0, 0.0
2024-04-21T00:00:00, 653.5841064453125, 0.0, -0.0, 1000.0, 0.0, 0.0
2024-04-22T00:00:00, 652.7391967773438, 0.0, -0.0, 1000.0, 0.0, 0.0
2024-04-23T00:00:00, 651.83984375, 0.0, -0.0, 1000.0, 0.0, 0.0
2024-04-24T00:00:00, 650.99072265625, 0.0, -0.0, 1000.0, 0.0, 0.0
2024-04-25T00:00:00, 650.35302734375, 0.0, -0.0, 1000.0, 0.0, 0.0
2024-04-26T00:00:00, 650.2252807617188, 0.0, -0.0, 1000.0, 0.0, 0.0
2024-04-27T00:00:00, 651.2342529296875, 0.0, -0.0, 269.3874206542969, 0.0, 0.0
2024-04-28T00:00:00, 651.1950073242188, 0.0, -0.0, 838.0941772460938, 0.0, 0.0
2024-04-29T00:00:00, 650.8355712890625, 0.0, -0.0, 718.366455078125, 0.0, 0.0
2024-04-30T00:00:00, 650.3540649414062, 0.0, -0.0, 1000.0, 0.0, 0.0
2024-05-01T00:00:00, 649.7628784179688, 0.0, -0.0, 508.8428955078125, 0.0, 0.0
2024-05-02T00:00:00, 649.53759765625, 0.0, -0.0, 1000.0, 0.0, 0.0
2024-05-03T00:00:00, 649.2518310546875, 0.0, -0.0, 558.7294921875, 0.0, 0.0
2024-05-04T00:00:00, 648.904052734375, 0.0, -0.0, 429.0244140625, 0.0, 0.0
2024-05-05T00:00:00, 648.4695434570312, 0.0, -0.0, 578.68408203125, 0.0, 0.0
2024-05-06T00:00:00, 647.932861328125, 0.0, -0.0, 159.63699340820312, 0.0, 0.0
2024-05-07T00:00:00, 647.28759765625, 0.0, -0.0, 608.6160278320312, 0.0, 0.0
2024-05-08T00:00:00, 646.5302734375, 0.0, -0.0, 518.8201904296875, 0.0, 0.0
2024-05-09T00:00:00, 645.6635131835938, 0.0, -0.0, 79.81849670410156, 0.0, 0.0
2024-05-10T00:00:00, 644.6913452148438, 0.0, -0.0, 488.8882751464844, 0.0, 0.0
2024-05-11T00:00:00, 643.6240234375, 0.0, -0.0, 1000.0, 0.0, 0.0
2024-05-12T00:00:00, 642.4964599609375, 0.0, -0.0, 1000.0, 0.0, 0.0
2024-05-13T00:00:00, 641.3864135742188, 0.0, -0.0, 1000.0, 0.0, 0.0
2024-05-14T00:00:00, 640.3917846679688, 0.0, -0.0, 788.2076416015625, 0.0, 0.0
2024-05-15T00:00:00, 639.6219482421875, 0.0, -0.0, 1000.0, 0.0, 0.0
2024-05-16T00:00:00, 639.2254638671875, 0.0, -0.0, 1000.0, 0.0, 0.0
2024-05-17T00:00:00, 640.16796875, 0.0, -0.0, 768.2529907226562, 0.0, 0.0
2024-05-18T00:00:00, 640.4221801757812, 0.0, -0.0, 289.342041015625, 0.0, 0.0
2024-05-19T00:00:00, 639.7996826171875, 0.0, -0.0, 319.27398681640625, 0.0, 0.0
2024-05-20T00:00:00, 638.6830444335938, 0.0, -0.0, 209.52354431152344, 0.0, 0.0
2024-05-21T00:00:00, 638.1249389648438, 0.0, -0.0, 389.11517333984375, 0.0, 0.0
2024-05-22T00:00:00, 637.3849487304688, 0.0, -0.0, 458.95635986328125, 0.0, 0.0
2024-05-23T00:00:00, 636.4949951171875, 0.0, -0.0, 89.79580688476562, 0.0, 0.0
2024-05-24T00:00:00, 635.4703369140625, 0.0, -0.0, 99.77311706542969, 0.0, 0.0
2024-05-25T00:00:00, 634.3231201171875, 0.0, -0.0, 309.2966613769531, 0.0, 0.0
2024-05-26T00:00:00, 633.0642700195312, 0.0, -0.0, 1000.0, 0.0, 0.0
2024-05-27T00:00:00, 631.7298583984375, 0.0, -0.0, 1000.0, 0.0, 0.0
2024-05-28T00:00:00, 630.3855590820312, 0.0, -0.0, 748.2984008789062, 0.0, 0.0
2024-05-29T00:00:00, 629.1206665039062, 0.0, -0.0, 1000.0, 0.0, 0.0
2024-05-30T00:00:00, 628.0493774414062, 0.0, -0.0, 1000.0, 0.0, 0.0
2024-05-31T00:00:00, 627.2161865234375, 0.0, -0.0, 389.11517333984375, 0.0, 0.0
2024-06-01T00:00:00, 626.59765625, 0.0, -0.0, 1000.0, 0.0, 0.0
2024-06-02T00:00:00, 626.2393798828125, 0.0, -0.0, 1000.0, 0.0, 0.0
2024-06-03T00:00:00, 626.6927490234375, 0.0, -0.0, 1000.0, 0.0, 0.0
2024-06-04T00:00:00, 627.3822021484375, 0.0, -0.0, 109.75042724609375, 0.0, 0.0
2024-06-05T00:00:00, 626.4591674804688, 0.0, -0.0, 189.5689239501953, 0.0, 0.0
2024-06-06T00:00:00, 625.6591186523438, 0.0, -0.0, 648.5252685546875, 0.0, 0.0
2024-06-07T00:00:00, 625.174072265625, 0.0, -0.0, 1000.0, 0.0, 0.0
2024-06-08T00:00:00, 624.5514526367188, 0.0, -0.0, 1000.0, 0.0, 0.0
2024-06-09T00:00:00, 623.8704223632812, 0.0, -0.0, 399.09246826171875, 0.0, 0.0
2024-06-10T00:00:00, 623.1652221679688, 0.0, -0.0, 329.25128173828125, 0.0, 0.0
2024-06-11T00:00:00, 622.429931640625, 0.0, -0.0, 89.79580688476562, 0.0, 0.0
2024-06-12T00:00:00, 621.6464233398438, 0.0, -0.0, 1000.0, 0.0, 0.0
2024-06-13T00:00:00, 620.8109741210938, 0.0, -0.0, 1000.0, 0.0, 0.0
2024-06-14T00:00:00, 619.9680786132812, 0.0, -0.0, 1000.0, 0.0, 0.0
2024-06-15T00:00:00, 619.229736328125, 0.0, -0.0, 1000.0, 0.0, 0.0
2024-06-16T00:00:00, 618.6371459960938, 0.0, -0.0, 199.54623413085938, 0.0, 0.0
2024-06-17T00:00:00, 618.09423828125, 0.0, -0.0, 219.5008544921875, 0.0, 0.0
2024-06-18T00:00:00, 617.5206298828125, 0.0, -0.0, 239.4554901123047, 0.0, 0.0
2024-06-19T00:00:00, 616.879150390625, 0.0, -0.0, 109.75042724609375, 0.0, 0.0
2024-06-20T00:00:00, 616.1354370117188, 0.0, -0.0, 538.7748413085938, 0.0, 0.0
2024-06-21T00:00:00, 615.275390625, 0.0, -0.0, 39.90924835205078, 0.0, 0.0
2024-06-22T00:00:00, 614.2979736328125, 0.0, -0.0, 1000.0, 0.0, 0.0
2024-06-23T00:00:00, 613.2127075195312, 0.0, -0.0, 189.5689239501953, 0.0, 0.0
2024-06-24T00:00:00, 612.0340576171875, 0.0, -0.0, 389.11517333984375, 0.0, 0.0
2024-06-25T00:00:00, 610.7752075195312, 0.0, -0.0, 59.86387252807617, 0.0, 0.0
2024-06-26T00:00:00, 609.445068359375, 0.0, -0.0, 359.1832275390625, 0.0, 0.0
2024-06-27T00:00:00, 608.0482788085938, 0.0, -0.0, 0.0, 0.0, 0.0
2024-06-28T00:00:00, 606.5850219726562, 0.0, -0.0, 0.0, 0.0, 0.0
2024-06-29T00:00:00, 605.05322265625, 0.0, -0.0, 99.77311706542969, 0.0, 0.0
2024-06-30T00:00:00, 603.4486083984375, 0.0, -0.0, 149.65968322753906, 0.0, 0.0
2024-07-01T00:00:00, 601.7671508789062, 0.0, -0.0, 249.43280029296875, 0.0, 0.0
2024-07-02T00:00:00, 600.0078735351562, 0.0, -0.0, 0.0, 0.0, 0.0
2024-07-03T00:00:00, 598.170654296875, 0.0, -0.0, 329.25128173828125, 0.0, 0.0
2024-07-04T00:00:00, 596.2579956054688, 0.0, -0.0, 109.75042724609375, 0.0, 0.0
2024-07-05T00:00:00, 594.2755737304688, 0.0, -0.0, 369.1605529785156, 0.0, 0.0
2024-07-06T00:00:00, 592.2314453125, 0.0, -0.0, 89.79580688476562, 0.0, 0.0
2024-07-07T00:00:00, 590.1341552734375, 0.0, -0.0, 149.65968322753906, 0.0, 0.0
2024-07-08T00:00:00, 587.9907836914062, 0.0, -0.0, 229.47817993164062, 0.0, 0.0
2024-07-09T00:00:00, 585.8169555664062, 0.0, -0.0, 1000.0, 0.0, 0.0
2024-07-10T00:00:00, 583.6572265625, 0.0, -0.0, 1000.0, 0.0, 0.0
2024-07-11T00:00:00, 581.606689453125, 0.0, -0.0, 1000.0, 0.0, 0.0
2024-07-12T00:00:00, 579.8098754882812, 0.0, -0.0, 1000.0, 0.0, 0.0
2024-07-13T00:00:00, 578.4610595703125, 0.0, -0.0, 1000.0, 0.0, 0.0
2024-07-14T00:00:00, 577.9132690429688, 0.0, -0.0, 1000.0, 0.0, 0.0
2024-07-15T00:00:00, 579.5353393554688, 0.0, -0.0, 1000.0, 0.0, 0.0
2024-07-16T00:00:00, 581.9302978515625, 0.0, -0.0, 1000.0, 0.0, 0.0
2024-07-17T00:00:00, 584.56494140625, 0.0, -0.0, 99.77311706542969, 0.0, 0.0
2024-07-18T00:00:00, 586.6279907226562, 0.0, -0.0, 967.7992553710938, 0.0, 0.0
2024-07-19T00:00:00, 588.268798828125, 0.0, -0.0, 1000.0, 0.0, 0.0
2024-07-20T00:00:00, 589.6197509765625, 0.0, -0.0, 588.661376953125, 0.0, 0.0
2024-07-21T00:00:00, 590.1732788085938, 0.0, -0.0, 149.65968322753906, 0.0, 0.0
2024-07-22T00:00:00, 589.30810546875, 0.0, -0.0, 219.5008544921875, 0.0, 0.0
2024-07-23T00:00:00, 586.58447265625, 0.0, -0.0, 49.886558532714844, 0.0, 0.0
2024-07-24T00:00:00, 581.85595703125, 0.0, -0.0, 0.0, 0.0, 0.0
2024-07-25T00:00:00, 577.6355590820312, 0.0, -0.0, 0.0, 0.0, 0.0
2024-07-26T00:00:00, 576.4205932617188, 0.0, -0.0, 0.0, 0.0, 0.0
2024-07-27T00:00:00, 574.9835815429688, 0.0, -0.0, 159.63699340820312, 0.0, 0.0
2024-07-28T00:00:00, 573.3833618164062, 0.0, -0.0, 1000.0, 0.0, 0.0
2024-07-29T00:00:00, 571.6664428710938, 0.0, -0.0, 209.52354431152344, 0.0, 0.0
2024-07-30T00:00:00, 569.8754272460938, 0.0, -0.0, 468.93365478515625, 0.0, 0.0
2024-07-31T00:00:00, 568.0437622070312, 0.0, -0.0, 79.81849670410156, 0.0, 0.0
2024-08-01T00:00:00, 566.1920776367188, 0.0, -0.0, 269.3874206542969, 0.0, 0.0
2024-08-02T00:00:00, 564.3289794921875, 0.0, -0.0, 219.5008544921875, 0.0, 0.0
2024-08-03T00:00:00, 562.4561767578125, 0.0, -0.0, 339.2286071777344, 0.0, 0.0
2024-08-04T00:00:00, 560.5717163085938, 0.0, -0.0, 39.90924835205078, 0.0, 0.0
2024-08-05T00:00:00, 558.678955078125, 0.0, -0.0, 987.7538452148438, 0.0, 0.0
2024-08-06T00:00:00, 556.8045043945312, 0.0, -0.0, 878.00341796875, 0.0, 0.0
2024-08-07T00:00:00, 555.007568359375, 0.0, -0.0, 738.3211059570312, 0.0, 0.0
2024-08-08T00:00:00, 553.3363037109375, 0.0, -0.0, 299.3193664550781, 0.0, 0.0
2024-08-09T00:00:00, 551.7916259765625, 0.0, -0.0, 149.65968322753906, 0.0, 0.0
2024-08-10T00:00:00, 550.3414306640625, 0.0, -0.0, 339.2286071777344, 0.0, 0.0
2024-08-11T00:00:00, 548.943603515625, 0.0, -0.0, 199.54623413085938, 0.0, 0.0
2024-08-12T00:00:00, 547.5659790039062, 0.0, -0.0, 937.8673095703125, 0.0, 0.0
2024-08-13T00:00:00, 546.2128295898438, 0.0, -0.0, 1000.0, 0.0, 0.0
2024-08-14T00:00:00, 544.9534912109375, 0.0, -0.0, 1000.0, 0.0, 0.0
2024-08-15T00:00:00, 543.8644409179688, 0.0, -0.0, 339.2286071777344, 0.0, 0.0
2024-08-16T00:00:00, 542.9176635742188, 0.0, -0.0, 59.86387252807617, 0.0, 0.0
2024-08-17T00:00:00, 542.0388793945312, 0.0, -0.0, 229.47817993164062, 0.0, 0.0
2024-08-18T00:00:00, 541.1701049804688, 0.0, -0.0, 1000.0, 0.0, 0.0
2024-08-19T00:00:00, 540.285400390625, 0.0, -0.0, 488.8882751464844, 0.0, 0.0
2024-08-20T00:00:00, 539.4000244140625, 0.0, -0.0, 1000.0, 0.0, 0.0
2024-08-21T00:00:00, 538.594970703125, 0.0, -0.0, 1000.0, 0.0, 0.0
2024-08-22T00:00:00, 537.9625244140625, 0.0, -0.0, 419.0470886230469, 0.0, 0.0
2024-08-23T00:00:00, 537.432373046875, 0.0, -0.0, 49.886558532714844, 0.0, 0.0
2024-08-24T00:00:00, 536.9097900390625, 0.0, -0.0, 79.81849670410156, 0.0, 0.0
2024-08-25T00:00:00, 536.3423461914062, 0.0, -0.0, 79.81849670410156, 0.0, 0.0
2024-08-26T00:00:00, 535.6893920898438, 0.0, -0.0, 329.25128173828125, 0.0, 0.0
2024-08-27T00:00:00, 534.938232421875, 0.0, -0.0, 1000.0, 0.0, 0.0
2024-08-28T00:00:00, 534.1128540039062, 0.0, -0.0, 1000.0, 0.0, 0.0
2024-08-29T00:00:00, 533.305419921875, 0.0, -0.0, 1000.0, 0.0, 0.0
2024-08-30T00:00:00, 532.7660522460938, 0.0, -0.0, 1000.0, 0.0, 0.0
2024-08-31T00:00:00, 533.06005859375, 0.0, -0.0, 399.09246826171875, 0.0, 0.0
2024-09-01T00:00:00, 533.7185668945312, 0.0, -0.0, 329.25128173828125, 0.0, 0.0
2024-09-02T00:00:00, 533.87255859375, 0.0, -0.0, 967.7992553710938, 0.0, 0.0
2024-09-03T00:00:00, 534.44189453125, 0.0, -0.0, 1000.0, 0.0, 0.0
2024-09-04T00:00:00, 535.672119140625, 0.0, -0.0, 1000.0, 0.0, 0.0
2024-09-05T00:00:00, 537.7760009765625, 0.0, -0.0, 1000.0, 0.0, 0.0
2024-09-06T00:00:00, 540.6555786132812, 0.0, -0.0, 878.00341796875, 0.0, 0.0
2024-09-07T00:00:00, 544.133056640625, 0.0, -0.0, 1000.0, 0.0, 0.0
2024-09-08T00:00:00, 548.0658569335938, 0.0, -0.0, 1000.0, 0.0, 0.0
2024-09-09T00:00:00, 552.3564453125, 0.0, -0.0, 1000.0, 0.0, 0.0
2024-09-10T00:00:00, 556.6696166992188, 0.0, -0.0, 688.4345092773438, 0.0, 0.0
2024-09-11T00:00:00, 560.8086547851562, 0.0, -0.0, 1000.0, 0.0, 0.0
2024-09-12T00:00:00, 564.3782958984375, 0.0, -0.0, 429.0244140625, 0.0, 0.0
2024-09-13T00:00:00, 567.3131103515625, 0.0, -0.0, 1000.0, 0.0, 0.0
2024-09-14T00:00:00, 569.4502563476562, 0.0, -0.0, 379.1378479003906, 0.0, 0.0
2024-09-15T00:00:00, 570.3575439453125, 0.0, -0.0, 239.4554901123047, 0.0, 0.0
2024-09-16T00:00:00, 569.5368041992188, 0.0, -0.0, 69.8411865234375, 0.0, 0.0
2024-09-17T00:00:00, 566.7267456054688, 0.0, -0.0, 99.77311706542969, 0.0, 0.0
2024-09-18T00:00:00, 562.0065307617188, 0.0, -0.0, 89.79580688476562, 0.0, 0.0
2024-09-19T00:00:00, 556.398193359375, 0.0, -0.0, 1000.0, 0.0, 0.0
2024-09-20T00:00:00, 551.3314819335938, 0.0, -0.0, 1000.0, 0.0, 0.0
2024-09-21T00:00:00, 547.3239135742188, 0.0, -0.0, 359.1832275390625, 0.0, 0.0
2024-09-22T00:00:00, 544.547607421875, 0.0, -0.0, 1000.0, 0.0, 0.0
2024-09-23T00:00:00, 543.1734008789062, 0.0, -0.0, 1000.0, 0.0, 0.0
2024-09-24T00:00:00, 542.9738159179688, 0.0, -0.0, 628.5706176757812, 0.0, 0.0
2024-09-25T00:00:00, 543.0660400390625, 0.0, -0.0, 169.6143035888672, 0.0, 0.0
2024-09-26T00:00:00, 542.8461303710938, 0.0, -0.0, 698.4118041992188, 0.0, 0.0
2024-09-27T00:00:00, 541.9790649414062, 0.0, -0.0, 319.27398681640625, 0.0, 0.0
2024-09-28T00:00:00, 540.7885131835938, 0.0, -0.0, 1000.0, 0.0, 0.0
2024-09-29T00:00:00, 539.524658203125, 0.0, -0.0, 419.0470886230469, 0.0, 0.0
2024-09-30T00:00:00, 538.5509643554688, 0.0, -0.0, 1000.0, 0.0, 0.0
2024-10-01T00:00:00, 538.3302612304688, 0.0, -0.0, 1000.0, 0.0, 0.0
2024-10-02T00:00:00, 539.1728515625, 0.0, -0.0, 1000.0, 0.0, 0.0
2024-10-03T00:00:00, 540.8976440429688, 0.0, -0.0, 708.38916015625, 0.0, 0.0
2024-10-04T00:00:00, 542.8269653320312, 0.0, -0.0, 439.001708984375, 0.0, 0.0
2024-10-05T00:00:00, 544.3953857421875, 0.0, -0.0, 648.5252685546875, 0.0, 0.0
2024-10-06T00:00:00, 545.6800537109375, 0.0, -0.0, 1000.0, 0.0, 0.0
2024-10-07T00:00:00, 547.1184692382812, 0.0, -0.0, 1000.0, 0.0, 0.0
2024-10-08T00:00:00, 548.8771362304688, 0.0, -0.0, 708.38916015625, 0.0, 0.0
2024-10-09T00:00:00, 551.0093383789062, 0.0, -0.0, 1000.0, 0.0, 0.0
2024-10-10T00:00:00, 552.937255859375, 0.0, -0.0, 159.63699340820312, 0.0, 0.0
2024-10-11T00:00:00, 553.765625, 0.0, -0.0, 169.6143035888672, 0.0, 0.0
2024-10-12T00:00:00, 553.5391845703125, 0.0, -0.0, 1000.0, 0.0, 0.0
2024-10-13T00:00:00, 553.0485229492188, 0.0, -0.0, 1000.0, 0.0, 0.0
2024-10-14T00:00:00, 553.1022338867188, 0.0, -0.0, 1000.0, 0.0, 0.0
2024-10-15T00:00:00, 554.1283569335938, 0.0, -0.0, 1000.0, 0.0, 0.0
2024-10-16T00:00:00, 556.1970825195312, 0.0, -0.0, 1000.0, 0.0, 0.0
2024-10-17T00:00:00, 559.1680297851562, 0.0, -0.0, 1000.0, 0.0, 0.0
2024-10-18T00:00:00, 562.0772705078125, 0.0, -0.0, 69.8411865234375, 0.0, 0.0
2024-10-19T00:00:00, 564.3992919921875, 0.0, -0.0, 1000.0, 0.0, 0.0
2024-10-20T00:00:00, 566.3447875976562, 0.0, -0.0, 1000.0, 0.0, 0.0
2024-10-21T00:00:00, 568.3845825195312, 0.0, -0.0, 1000.0, 0.0, 0.0
2024-10-22T00:00:00, 570.3389282226562, 0.0, -0.0, 369.1605529785156, 0.0, 0.0
2024-10-23T00:00:00, 571.42333984375, 0.0, -0.0, 149.65968322753906, 0.0, 0.0
2024-10-24T00:00:00, 571.5714721679688, 0.0, -0.0, 1000.0, 0.0, 0.0
2024-10-25T00:00:00, 571.4306030273438, 0.0, -0.0, 1000.0, 0.0, 0.0
2024-10-26T00:00:00, 571.7211303710938, 0.0, -0.0, 1000.0, 0.0, 0.0
2024-10-27T00:00:00, 572.8392944335938, 0.0, -0.0, 1000.0, 0.0, 0.0
2024-10-28T00:00:00, 574.2804565429688, 0.0, -0.0, 269.3874206542969, 0.0, 0.0
2024-10-29T00:00:00, 575.6741333007812, 0.0, -0.0, 1000.0, 0.0, 0.0
2024-10-30T00:00:00, 577.1384887695312, 0.0, -0.0, 1000.0, 0.0, 0.0
2024-10-31T00:00:00, 578.9727783203125, 0.0, -0.0, 1000.0, 0.0, 0.0
2024-11-01T00:00:00, 581.069091796875, 0.0, -0.0, 658.5025634765625, 0.0, 0.0
2024-11-02T00:00:00, 583.3305053710938, 0.0, -0.0, 1000.0, 0.0, 0.0
2024-11-03T00:00:00, 585.8251342773438, 0.0, -0.0, 1000.0, 0.0, 0.0
2024-11-04T00:00:00, 588.642578125, 0.0, -0.0, 1000.0, 0.0, 0.0
2024-11-05T00:00:00, 591.8240966796875, 0.0, -0.0, 1000.0, 0.0, 0.0
2024-11-06T00:00:00, 595.334716796875, 0.0, -0.0, 1000.0, 0.0, 0.0
2024-11-07T00:00:00, 599.1005859375, 0.0, -0.0, 1000.0, 0.0, 0.0
2024-11-08T00:00:00, 603.0382690429688, 0.0, -0.0, 1000.0, 0.0, 0.0
2024-11-09T00:00:00, 607.0737915039062, 0.0, -0.0, 1000.0, 0.0, 0.0
2024-11-10T00:00:00, 611.14892578125, 0.0, -0.0, 1000.0, 0.0, 0.0
2024-11-11T00:00:00, 615.2125854492188, 0.0, -0.0, 987.7538452148438, 0.0, 0.0
2024-11-12T00:00:00, 619.2265014648438, 0.0, -0.0, 1000.0, 0.0, 0.0
2024-11-13T00:00:00, 623.183349609375, 0.0, -0.0, 1000.0, 0.0, 0.0
2024-11-14T00:00:00, 627.0745239257812, 0.0, -0.0, 1000.0, 0.0, 0.0
2024-11-15T00:00:00, 630.8977661132812, 0.0, -0.0, 1000.0, 0.0, 0.0
2024-11-16T00:00:00, 634.65625, 0.0, -0.0, 1000.0, 0.0, 0.0
2024-11-17T00:00:00, 638.3438110351562, 0.0, -0.0, 1000.0, 0.0, 0.0
2024-11-18T00:00:00, 641.9601440429688, 0.0, -0.0, 1000.0, 0.0, 0.0
2024-11-19T00:00:00, 645.4291381835938, 0.0, -0.0, 907.9353637695312, 0.0, 0.0
2024-11-20T00:00:00, 648.3246459960938, 0.0, -0.0, 518.8201904296875, 0.0, 0.0
2024-11-21T00:00:00, 649.7661743164062, 0.0, -0.0, 69.8411865234375, 0.0, 0.0
2024-11-22T00:00:00, 649.2582397460938, 0.0, -0.0, 458.95635986328125, 0.0, 0.0
2024-11-23T00:00:00, 647.3759765625, 0.0, -0.0, 1000.0, 0.0, 0.0
2024-11-24T00:00:00, 645.1871948242188, 0.0, -0.0, 1000.0, 0.0, 0.0
2024-11-25T00:00:00, 643.5650024414062, 0.0, -0.0, 1000.0, 0.0, 0.0
2024-11-26T00:00:00, 642.9231567382812, 0.0, -0.0, 1000.0, 0.0, 0.0
2024-11-27T00:00:00, 643.3097534179688, 0.0, -0.0, 1000.0, 0.0, 0.0
2024-11-28T00:00:00, 644.5740356445312, 0.0, -0.0, 1000.0, 0.0, 0.0
2024-11-29T00:00:00, 646.5045166015625, 0.0, -0.0, 1000.0, 0.0, 0.0
2024-11-30T00:00:00, 648.903076171875, 0.0, -0.0, 1000.0, 0.0, 0.0
2024-12-01T00:00:00, 651.6063232421875, 0.0, -0.0, 1000.0, 0.0, 0.0
2024-12-02T00:00:00, 654.4925537109375, 0.0, -0.0, 1000.0, 0.0, 0.0
2024-12-03T00:00:00, 657.2820434570312, 0.0, -0.0, 758.2756958007812, 0.0, 0.0
2024-12-04T00:00:00, 659.3662109375, 0.0, -0.0, 439.001708984375, 0.0, 0.0
2024-12-05T00:00:00, 660.3504028320312, 0.0, -0.0, 658.5025634765625, 0.0, 0.0
2024-12-06T00:00:00, 660.486328125, 0.0, -0.0, 1000.0, 0.0, 0.0
2024-12-07T00:00:00, 660.2439575195312, 0.0, -0.0, 828.1168823242188, 0.0, 0.0
2024-12-08T00:00:00, 660.0777587890625, 0.0, -0.0, 1000.0, 0.0, 0.0
2024-12-09T00:00:00, 660.316650390625, 0.0, -0.0, 1000.0, 0.0, 0.0
2024-12-10T00:00:00, 661.1160278320312, 0.0, -0.0, 1000.0, 0.0, 0.0
2024-12-11T00:00:00, 662.4701538085938, 0.0, -0.0, 1000.0, 0.0, 0.0
2024-12-12T00:00:00, 664.2897338867188, 0.0, -0.0, 1000.0, 0.0, 0.0
2024-12-13T00:00:00, 666.4600219726562, 0.0, -0.0, 1000.0, 0.0, 0.0
2024-12-14T00:00:00, 668.869873046875, 0.0, -0.0, 1000.0, 0.0, 0.0
2024-12-15T00:00:00, 671.4285278320312, 0.0, -0.0, 1000.0, 0.0, 0.0
2024-12-16T00:00:00, 674.068359375, 0.0, -0.0, 1000.0, 0.0, 0.0
2024-12-17T00:00:00, 676.7415161132812, 0.0, -0.0, 1000.0, 0.0, 0.0
2024-12-18T00:00:00, 679.415771484375, 0.0, -0.0, 1000.0, 0.0, 0.0
2024-12-19T00:00:00, 682.0697021484375, 0.0, -0.0, 1000.0, 0.0, 0.0
2024-12-20T00:00:00, 684.6889038085938, 0.0, -0.0, 1000.0, 0.0, 0.0
2024-12-21T00:00:00, 687.2700805664062, 0.0, -0.0, 1000.0, 0.0, 0.0
2024-12-22T00:00:00, 689.80419921875, 0.0, -0.0, 1000.0, 0.0, 0.0
2024-12-23T00:00:00, 692.2899169921875, 0.0, -0.0, 1000.0, 0.0, 0.0
2024-12-24T00:00:00, 694.7258911132812, 0.0, -0.0, 1000.0, 0.0, 0.0
2024-12-25T00:00:00, 697.1116943359375, 0.0, -0.0, 1000.0, 0.0, 0.0
2024-12-26T00:00:00, 699.4468994140625, 0.0, -0.0, 1000.0, 0.0, 0.0
2024-12-27T00:00:00, 701.73193359375, 0.0, -0.0, 1000.0, 0.0, 0.0
2024-12-28T00:00:00, 703.8840942382812, 0.0, -0.0, 897.9580688476562, 0.0, 0.0
2024-12-29T00:00:00, 705.8641357421875, 0.0, -0.0, 1000.0, 0.0, 0.0
2024-12-30T00:00:00, 707.7261352539062, 0.0, -0.0, 1000.0, 0.0, 0.0
2024-12-31T00:00:00, 709.2754516601562, 0.0, -0.0, 688.4345092773438, 0.0, 0.0
2025-01-01T00:00:00, 710.4505004882812, 0.0, -0.0, 1000.0, 0.0, 0.0
2025-01-02T00:00:00, 711.4105834960938, 0.0, -0.0, 1000.0, 0.0, 0.0
2025-01-03T00:00:00, 712.364013671875, 0.0, -0.0, 1000.0, 0.0, 0.0
2025-01-04T00:00:00, 712.8319702148438, 0.0, -0.0, 259.41009521484375, 0.0, 0.0
2025-01-05T00:00:00, 711.81591796875, 0.0, -0.0, 29.931936264038086, 0.0, 0.0
2025-01-06T00:00:00, 708.615234375, 0.0, -0.0, 179.59161376953125, 0.0, 0.0
2025-01-07T00:00:00, 703.8208618164062, 0.0, -0.0, 1000.0, 0.0, 0.0
2025-01-08T00:00:00, 698.7166137695312, 0.0, -0.0, 1000.0, 0.0, 0.0
2025-01-09T00:00:00, 694.3903198242188, 0.0, -0.0, 1000.0, 0.0, 0.0
2025-01-10T00:00:00, 691.37255859375, 0.0, -0.0, 1000.0, 0.0, 0.0
2025-01-11T00:00:00, 689.7354125976562, 0.0, -0.0, 1000.0, 0.0, 0.0
2025-01-12T00:00:00, 689.2833862304688, 0.0, -0.0, 1000.0, 0.0, 0.0
2025-01-13T00:00:00, 689.7473754882812, 0.0, -0.0, 1000.0, 0.0, 0.0
2025-01-14T00:00:00, 690.86474609375, 0.0, -0.0, 1000.0, 0.0, 0.0
2025-01-15T00:00:00, 692.42578125, 0.0, -0.0, 1000.0, 0.0, 0.0
2025-01-16T00:00:00, 694.270751953125, 0.0, -0.0, 1000.0, 0.0, 0.0
2025-01-17T00:00:00, 696.2864990234375, 0.0, -0.0, 1000.0, 0.0, 0.0
2025-01-18T00:00:00, 698.3958129882812, 0.0, -0.0, 1000.0, 0.0, 0.0
2025-01-19T00:00:00, 700.5479125976562, 0.0, -0.0, 1000.0, 0.0, 0.0
2025-01-20T00:00:00, 702.7096557617188, 0.0, -0.0, 1000.0, 0.0, 0.0
2025-01-21T00:00:00, 704.8599853515625, 0.0, -0.0, 1000.0, 0.0, 0.0
2025-01-22T00:00:00, 706.9854125976562, 0.0, -0.0, 1000.0, 0.0, 0.0
2025-01-23T00:00:00, 709.0778198242188, 0.0, -0.0, 1000.0, 0.0, 0.0
2025-01-24T00:00:00, 710.78662109375, 0.0, -0.0, 578.68408203125, 0.0, 0.0
2025-01-25T00:00:00, 711.961181640625, 0.0, -0.0, 1000.0, 0.0, 0.0
2025-01-26T00:00:00, 712.790283203125, 0.0, -0.0, 1000.0, 0.0, 0.0
2025-01-27T00:00:00, 713.5399169921875, 0.0, -0.0, 1000.0, 0.0, 0.0
2025-01-28T00:00:00, 714.412841796875, 0.0, -0.0, 1000.0, 0.0, 0.0
2025-01-29T00:00:00, 715.4859008789062, 0.0, -0.0, 1000.0, 0.0, 0.0
2025-01-30T00:00:00, 716.759033203125, 0.0, -0.0, 1000.0, 0.0, 0.0
2025-01-31T00:00:00, 718.1927490234375, 0.0, -0.0, 1000.0, 0.0, 0.0
2025-02-01T00:00:00, 719.7437744140625, 0.0, -0.0, 1000.0, 0.0, 0.0
2025-02-02T00:00:00, 720.6103515625, 0.0, -0.0, 79.81849670410156, 0.0, 0.0
2025-02-03T00:00:00, 720.4414672851562, 0.0, -0.0, 1000.0, 0.0, 0.0
2025-02-04T00:00:00, 719.6069946289062, 0.0, -0.0, 1000.0, 0.0, 0.0
2025-02-05T00:00:00, 718.6926879882812, 0.0, -0.0, 1000.0, 0.0, 0.0
2025-02-06T00:00:00, 718.1149291992188, 0.0, -0.0, 1000.0, 0.0, 0.0
2025-02-07T00:00:00, 718.0441284179688, 0.0, -0.0, 1000.0, 0.0, 0.0
2025-02-08T00:00:00, 718.4697875976562, 0.0, -0.0, 1000.0, 0.0, 0.0
2025-02-09T00:00:00, 719.3063354492188, 0.0, -0.0, 1000.0, 0.0, 0.0
2025-02-10T00:00:00, 720.4481811523438, 0.0, -0.0, 1000.0, 0.0, 0.0
2025-02-11T00:00:00, 721.798583984375, 0.0, -0.0, 1000.0, 0.0, 0.0
2025-02-12T00:00:00, 723.1992797851562, 0.0, -0.0, 897.9580688476562, 0.0, 0.0
2025-02-13T00:00:00, 724.0653076171875, 0.0, -0.0, 409.0697937011719, 0.0, 0.0
2025-02-14T00:00:00, 724.2048950195312, 0.0, -0.0, 1000.0, 0.0, 0.0
2025-02-15T00:00:00, 723.9134521484375, 0.0, -0.0, 1000.0, 0.0, 0.0
2025-02-16T00:00:00, 723.2509155273438, 0.0, -0.0, 568.706787109375, 0.0, 0.0
2025-02-17T00:00:00, 721.836181640625, 0.0, -0.0, 369.1605529785156, 0.0, 0.0
2025-02-18T00:00:00, 719.2129516601562, 0.0, -0.0, 349.2059020996094, 0.0, 0.0
2025-02-19T00:00:00, 715.4990234375, 0.0, -0.0, 768.2529907226562, 0.0, 0.0
2025-02-20T00:00:00, 710.8446655273438, 0.0, -0.0, 269.3874206542969, 0.0, 0.0
2025-02-21T00:00:00, 705.8171997070312, 0.0, -0.0, 1000.0, 0.0, 0.0
2025-02-22T00:00:00, 700.4846801757812, 0.0, -0.0, 89.79580688476562, 0.0, 0.0
2025-02-23T00:00:00, 694.5908203125, 0.0, -0.0, 309.2966613769531, 0.0, 0.0
2025-02-24T00:00:00, 688.5116577148438, 0.0, -0.0, 1000.0, 0.0, 0.0
2025-02-25T00:00:00, 683.06884765625, 0.0, -0.0, 1000.0, 0.0, 0.0
2025-02-26T00:00:00, 678.8694458007812, 0.0, -0.0, 947.8446044921875, 0.0, 0.0
2025-02-27T00:00:00, 675.45654296875, 0.0, -0.0, 149.65968322753906, 0.0, 0.0
2025-02-28T00:00:00, 672.4607543945312, 0.0, -0.0, 1000.0, 0.0, 0.0
2025-03-01T00:00:00, 670.011474609375, 0.0, -0.0, 1000.0, 0.0, 0.0
2025-03-02T00:00:00, 668.2684326171875, 0.0, -0.0, 838.0941772460938, 0.0, 0.0
2025-03-03T00:00:00, 666.6124267578125, 0.0, -0.0, 149.65968322753906, 0.0, 0.0
2025-03-04T00:00:00, 664.0529174804688, 0.0, -0.0, 99.77311706542969, 0.0, 0.0
2025-03-05T00:00:00, 660.2403564453125, 0.0, -0.0, 578.68408203125, 0.0, 0.0
2025-03-06T00:00:00, 655.2418212890625, 0.0, -0.0, 259.41009521484375, 0.0, 0.0
2025-03-07T00:00:00, 649.3954467773438, 0.0, -0.0, 478.9109802246094, 0.0, 0.0
2025-03-08T00:00:00, 643.1031494140625, 0.0, -0.0, 458.95635986328125, 0.0, 0.0
2025-03-09T00:00:00, 637.1185913085938, 0.0, -0.0, 1000.0, 0.0, 0.0
2025-03-10T00:00:00, 631.4627075195312, 0.0, -0.0, 9.977312088012695, 0.0, 0.0
2025-03-11T00:00:00, 625.6526489257812, 0.0, -0.0, 209.52354431152344, 0.0, 0.0
2025-03-12T00:00:00, 619.7147827148438, 0.0, -0.0, 768.2529907226562, 0.0, 0.0
2025-03-13T00:00:00, 613.715576171875, 0.0, -0.0, 229.47817993164062, 0.0, 0.0
2025-03-14T00:00:00, 607.3303833007812, 0.0, -0.0, 0.0, 0.0, 0.0
2025-03-15T00:00:00, 600.1162719726562, 0.0, -0.0, 0.0, 0.0, 0.0
2025-03-16T00:00:00, 592.6218872070312, 0.0, -0.0, 1000.0, 0.0, 0.0
2025-03-17T00:00:00, 586.005615234375, 0.0, -0.0, 1000.0, 0.0, 0.0
2025-03-18T00:00:00, 581.1820678710938, 0.0, -0.0, 1000.0, 0.0, 0.0
2025-03-19T00:00:00, 578.4984130859375, 0.0, -0.0, 1000.0, 0.0, 0.0
2025-03-20T00:00:00, 577.7897338867188, 0.0, -0.0, 957.8219604492188, 0.0, 0.0
2025-03-21T00:00:00, 578.6798095703125, 0.0, -0.0, 1000.0, 0.0, 0.0
2025-03-22T00:00:00, 580.04296875, 0.0, -0.0, 89.79580688476562, 0.0, 0.0
2025-03-23T00:00:00, 580.6495971679688, 0.0, -0.0, 289.342041015625, 0.0, 0.0
2025-03-24T00:00:00, 579.8911743164062, 0.0, -0.0, 419.0470886230469, 0.0, 0.0
2025-03-25T00:00:00, 577.5452880859375, 0.0, -0.0, 139.682373046875, 0.0, 0.0
2025-03-26T00:00:00, 573.5689697265625, 0.0, -0.0, 109.75042724609375, 0.0, 0.0
2025-03-27T00:00:00, 568.7429809570312, 0.0, -0.0, 967.7992553710938, 0.0, 0.0
2025-03-28T00:00:00, 564.3056030273438, 0.0, -0.0, 1000.0, 0.0, 0.0
2025-03-29T00:00:00, 561.219482421875, 0.0, -0.0, 1000.0, 0.0, 0.0
2025-03-30T00:00:00, 559.3779296875, 0.0, -0.0, 349.2059020996094, 0.0, 0.0
2025-03-31T00:00:00, 557.9065551757812, 0.0, -0.0, 259.41009521484375, 0.0, 0.0
2025-04-01T00:00:00, 556.2842407226562, 0.0, -0.0, 688.4345092773438, 0.0, 0.0
2025-04-02T00:00:00, 554.76904296875, 0.0, -0.0, 1000.0, 0.0, 0.0
2025-04-03T00:00:00, 553.930419921875, 0.0, -0.0, 1000.0, 0.0, 0.0
2025-04-04T00:00:00, 553.693359375, 0.0, -0.0, 389.11517333984375, 0.0, 0.0
2025-04-05T00:00:00, 553.775634765625, 0.0, -0.0, 788.2076416015625, 0.0, 0.0
2025-04-06T00:00:00, 553.756103515625, 0.0, -0.0, 409.0697937011719, 0.0, 0.0
2025-04-07T00:00:00, 553.0050659179688, 0.0, -0.0, 159.63699340820312, 0.0, 0.0
2025-04-08T00:00:00, 551.0181274414062, 0.0, -0.0, 189.5689239501953, 0.0, 0.0
2025-04-09T00:00:00, 547.8341064453125, 0.0, -0.0, 488.8882751464844, 0.0, 0.0
2025-04-10T00:00:00, 543.7745361328125, 0.0, -0.0, 339.2286071777344, 0.0, 0.0
2025-04-11T00:00:00, 539.6138305664062, 0.0, -0.0, 927.8900146484375, 0.0, 0.0
2025-04-12T00:00:00, 536.2223510742188, 0.0, -0.0, 907.9353637695312, 0.0, 0.0
2025-04-13T00:00:00, 534.2277221679688, 0.0, -0.0, 1000.0, 0.0, 0.0
2025-04-14T00:00:00, 533.8746337890625, 0.0, -0.0, 1000.0, 0.0, 0.0
2025-04-15T00:00:00, 535.0883178710938, 0.0, -0.0, 1000.0, 0.0, 0.0
2025-04-16T00:00:00, 537.3134155273438, 0.0, -0.0, 628.5706176757812, 0.0, 0.0
2025-04-17T00:00:00, 539.5908813476562, 0.0, -0.0, 359.1832275390625, 0.0, 0.0
2025-04-18T00:00:00, 541.5570068359375, 0.0, -0.0, 1000.0, 0.0, 0.0
2025-04-19T00:00:00, 542.68408203125, 0.0, -0.0, 19.95462417602539, 0.0, 0.0
2025-04-20T00:00:00, 542.3670043945312, 0.0, -0.0, 159.63699340820312, 0.0, 0.0
2025-04-21T00:00:00, 540.9503173828125, 0.0, -0.0, 1000.0, 0.0, 0.0
2025-04-22T00:00:00, 539.4325561523438, 0.0, -0.0, 1000.0, 0.0, 0.0
2025-04-23T00:00:00, 538.7265625, 0.0, -0.0, 1000.0, 0.0, 0.0
2025-04-24T00:00:00, 539.2620849609375, 0.0, -0.0, 1000.0, 0.0, 0.0
2025-04-25T00:00:00, 541.0803833007812, 0.0, -0.0, 1000.0, 0.0, 0.0
2025-04-26T00:00:00, 543.9896850585938, 0.0, -0.0, 1000.0, 0.0, 0.0
2025-04-27T00:00:00, 547.1446533203125, 0.0, -0.0, 269.3874206542969, 0.0, 0.0
2025-04-28T00:00:00, 549.9061889648438, 0.0, -0.0, 838.0941772460938, 0.0, 0.0
2025-04-29T00:00:00, 552.0880126953125, 0.0, -0.0, 718.366455078125, 0.0, 0.0
2025-04-30T00:00:00, 553.9688110351562, 0.0, -0.0, 1000.0, 0.0, 0.0
2025-05-01T00:00:00, 555.6024780273438, 0.0, -0.0, 508.8428955078125, 0.0, 0.0
2025-05-02T00:00:00, 557.1408081054688, 0.0, -0.0, 1000.0, 0.0, 0.0
2025-05-03T00:00:00, 558.5464477539062, 0.0, -0.0, 558.7294921875, 0.0, 0.0
2025-05-04T00:00:00, 559.4880981445312, 0.0, -0.0, 429.0244140625, 0.0, 0.0
2025-05-05T00:00:00, 559.7235107421875, 0.0, -0.0, 578.68408203125, 0.0, 0.0
2025-05-06T00:00:00, 558.91796875, 0.0, -0.0, 159.63699340820312, 0.0, 0.0
2025-05-07T00:00:00, 557.0938720703125, 0.0, -0.0, 608.6160278320312, 0.0, 0.0
2025-05-08T00:00:00, 554.56298828125, 0.0, -0.0, 518.8201904296875, 0.0, 0.0
2025-05-09T00:00:00, 551.308837890625, 0.0, -0.0, 79.81849670410156, 0.0, 0.0
2025-05-10T00:00:00, 547.3915405273438, 0.0, -0.0, 488.8882751464844, 0.0, 0.0
2025-05-11T00:00:00, 543.487548828125, 0.0, -0.0, 1000.0, 0.0, 0.0
2025-05-12T00:00:00, 540.50146484375, 0.0, -0.0, 1000.0, 0.0, 0.0
2025-05-13T00:00:00, 539.03125, 0.0, -0.0, 1000.0, 0.0, 0.0
2025-05-14T00:00:00, 539.0616455078125, 0.0, -0.0, 788.2076416015625, 0.0, 0.0
2025-05-15T00:00:00, 540.34912109375, 0.0, -0.0, 1000.0, 0.0, 0.0
2025-05-16T00:00:00, 542.6725463867188, 0.0, -0.0, 1000.0, 0.0, 0.0
2025-05-17T00:00:00, 545.653564453125, 0.0, -0.0, 768.2529907226562, 0.0, 0.0
2025-05-18T00:00:00, 548.4641723632812, 0.0, -0.0, 289.342041015625, 0.0, 0.0
2025-05-19T00:00:00, 550.2333984375, 0.0, -0.0, 319.27398681640625, 0.0, 0.0
2025-05-20T00:00:00, 550.3721313476562, 0.0, -0.0, 209.52354431152344, 0.0, 0.0
2025-05-21T00:00:00, 548.8328857421875, 0.0, -0.0, 389.11517333984375, 0.0, 0.0
2025-05-22T00:00:00, 546.00341796875, 0.0, -0.0, 458.95635986328125, 0.0, 0.0
2025-05-23T00:00:00, 542.1060180664062, 0.0, -0.0, 89.79580688476562, 0.0, 0.0
2025-05-24T00:00:00, 537.3141479492188, 0.0, -0.0, 99.77311706542969, 0.0, 0.0
2025-05-25T00:00:00, 533.234130859375, 0.0, -0.0, 309.2966613769531, 0.0, 0.0
2025-05-26T00:00:00, 531.8624877929688, 0.0, -0.0, 1000.0, 0.0, 0.0
2025-05-27T00:00:00, 531.087646484375, 0.0, -0.0, 1000.0, 0.0, 0.0
2025-05-28T00:00:00, 530.2146606445312, 0.0, -0.0, 748.2984008789062, 0.0, 0.0
2025-05-29T00:00:00, 529.44189453125, 0.0, -0.0, 1000.0, 0.0, 0.0
2025-05-30T00:00:00, 529.151611328125, 0.0, -0.0, 1000.0, 0.0, 0.0
2025-05-31T00:00:00, 530.323974609375, 0.0, -0.0, 389.11517333984375, 0.0, 0.0
2025-06-01T00:00:00, 531.4929809570312, 0.0, -0.0, 1000.0, 0.0, 0.0
2025-06-02T00:00:00, 533.4136962890625, 0.0, -0.0, 1000.0, 0.0, 0.0
2025-06-03T00:00:00, 536.0140380859375, 0.0, -0.0, 1000.0, 0.0, 0.0
2025-06-04T00:00:00, 538.5880126953125, 0.0, -0.0, 109.75042724609375, 0.0, 0.0
2025-06-05T00:00:00, 540.1129760742188, 0.0, -0.0, 189.5689239501953, 0.0, 0.0
2025-06-06T00:00:00, 540.2606811523438, 0.0, -0.0, 648.5252685546875, 0.0, 0.0
2025-06-07T00:00:00, 539.662353515625, 0.0, -0.0, 1000.0, 0.0, 0.0
2025-06-08T00:00:00, 539.2554321289062, 0.0, -0.0, 1000.0, 0.0, 0.0
2025-06-09T00:00:00, 539.2342529296875, 0.0, -0.0, 399.09246826171875, 0.0, 0.0
2025-06-10T00:00:00, 539.1122436523438, 0.0, -0.0, 329.25128173828125, 0.0, 0.0
2025-06-11T00:00:00, 538.1248779296875, 0.0, -0.0, 89.79580688476562, 0.0, 0.0
2025-06-12T00:00:00, 536.4114990234375, 0.0, -0.0, 1000.0, 0.0, 0.0
2025-06-13T00:00:00, 534.7990112304688, 0.0, -0.0, 1000.0, 0.0, 0.0
2025-06-14T00:00:00, 534.09521484375, 0.0, -0.0, 1000.0, 0.0, 0.0
2025-06-15T00:00:00, 534.6783447265625, 0.0, -0.0, 1000.0, 0.0, 0.0
2025-06-16T00:00:00, 535.9305419921875, 0.0, -0.0, 199.54623413085938, 0.0, 0.0
2025-06-17T00:00:00, 536.7544555664062, 0.0, -0.0, 219.5008544921875, 0.0, 0.0
2025-06-18T00:00:00, 536.3294067382812, 0.0, -0.0, 239.4554901123047, 0.0, 0.0
2025-06-19T00:00:00, 534.2550048828125, 0.0, -0.0, 109.75042724609375, 0.0, 0.0
2025-06-20T00:00:00, 530.8532104492188, 0.0, -0.0, 538.7748413085938, 0.0, 0.0
2025-06-21T00:00:00, 528.6754760742188, 0.0, -0.0, 39.90924835205078, 0.0, 0.0
2025-06-22T00:00:00, 527.9210815429688, 0.0, -0.0, 1000.0, 0.0, 0.0
2025-06-23T00:00:00, 527.0281372070312, 0.0, -0.0, 189.5689239501953, 0.0, 0.0
2025-06-24T00:00:00, 526.0418090820312, 0.0, -0.0, 389.11517333984375, 0.0, 0.0
2025-06-25T00:00:00, 524.9868774414062, 0.0, -0.0, 59.86387252807617, 0.0, 0.0
2025-06-26T00:00:00, 523.8768310546875, 0.0, -0.0, 359.1832275390625, 0.0, 0.0
2025-06-27T00:00:00, 522.715087890625, 0.0, -0.0, 0.0, 0.0, 0.0
2025-06-28T00:00:00, 521.5007934570312, 0.0, -0.0, 0.0, 0.0, 0.0
2025-06-29T00:00:00, 520.2279663085938, 0.0, -0.0, 99.77311706542969, 0.0, 0.0
2025-06-30T00:00:00, 518.8883666992188, 0.0, -0.0, 149.65968322753906, 0.0, 0.0
2025-07-01T00:00:00, 517.475341796875, 0.0, -0.0, 249.43280029296875, 0.0, 0.0
2025-07-02T00:00:00, 515.9842529296875, 0.0, -0.0, 0.0, 0.0, 0.0
2025-07-03T00:00:00, 514.4210205078125, 0.0, -0.0, 329.25128173828125, 0.0, 0.0
2025-07-04T00:00:00, 512.7852172851562, 0.0, -0.0, 109.75042724609375, 0.0, 0.0
2025-07-05T00:00:00, 511.0859375, 0.0, -0.0, 369.1605529785156, 0.0, 0.0
2025-07-06T00:00:00, 509.33123779296875, 0.0, -0.0, 89.79580688476562, 0.0, 0.0
2025-07-07T00:00:00, 507.5313720703125, 0.0, -0.0, 149.65968322753906, 0.0, 0.0
2025-07-08T00:00:00, 505.6954650878906, 0.0, -0.0, 229.47817993164062, 0.0, 0.0
2025-07-09T00:00:00, 503.83935546875, 0.0, -0.0, 1000.0, 0.0, 0.0
2025-07-10T00:00:00, 502.0126037597656, 0.0, -0.0, 1000.0, 0.0, 0.0
2025-07-11T00:00:00, 500.3287658691406, 0.0, -0.0, 1000.0, 0.0, 0.0
2025-07-12T00:00:00, 498.9992980957031, 0.0, -0.0, 1000.0, 0.0, 0.0
2025-07-13T00:00:00, 498.438720703125, 0.0, -0.0, 1000.0, 0.0, 0.0
2025-07-14T00:00:00, 500.3200378417969, 0.0, -0.0, 1000.0, 0.0, 0.0
2025-07-15T00:00:00, 503.31280517578125, 0.0, -0.0, 1000.0, 0.0, 0.0
2025-07-16T00:00:00, 507.5865478515625, 0.0, -0.0, 1000.0, 0.0, 0.0
2025-07-17T00:00:00, 511.914794921875, 0.0, -0.0, 99.77311706542969, 0.0, 0.0
2025-07-18T00:00:00, 515.636962890625, 0.0, -0.0, 967.7992553710938, 0.0, 0.0
2025-07-19T00:00:00, 518.893310546875, 0.0, -0.0, 1000.0, 0.0, 0.0
2025-07-20T00:00:00, 521.8027954101562, 0.0, -0.0, 588.661376953125, 0.0, 0.0
2025-07-21T00:00:00, 523.9258422851562, 0.0, -0.0, 149.65968322753906, 0.0, 0.0
2025-07-22T00:00:00, 524.6690063476562, 0.0, -0.0, 219.5008544921875, 0.0, 0.0
2025-07-23T00:00:00, 523.6044311523438, 0.0, -0.0, 49.886558532714844, 0.0, 0.0
2025-07-24T00:00:00, 520.5502319335938, 0.0, -0.0, 0.0, 0.0, 0.0
2025-07-25T00:00:00, 515.6006469726562, 0.0, -0.0, 0.0, 0.0, 0.0
2025-07-26T00:00:00, 509.2798156738281, 0.0, -0.0, 0.0, 0.0, 0.0
2025-07-27T00:00:00, 502.32598876953125, 0.0, -0.0, 159.63699340820312, 0.0, 0.0
2025-07-28T00:00:00, 498.0669860839844, 0.0, -0.0, 1000.0, 0.0, 0.0
2025-07-29T00:00:00, 496.83612060546875, 0.0, -0.0, 209.52354431152344, 0.0, 0.0
2025-07-30T00:00:00, 495.4720458984375, 0.0, -0.0, 468.93365478515625, 0.0, 0.0
2025-07-31T00:00:00, 494.04510498046875, 0.0, -0.0, 79.81849670410156, 0.0, 0.0
2025-08-01T00:00:00, 492.5896911621094, 0.0, -0.0, 269.3874206542969, 0.0, 0.0
2025-08-02T00:00:00, 491.1198425292969, 0.0, -0.0, 219.5008544921875, 0.0, 0.0
2025-08-03T00:00:00, 489.6390075683594, 0.0, -0.0, 339.2286071777344, 0.0, 0.0
2025-08-04T00:00:00, 488.14599609375, 0.0, -0.0, 39.90924835205078, 0.0, 0.0
2025-08-05T00:00:00, 486.64434814453125, 0.0, -0.0, 987.7538452148438, 0.0, 0.0
2025-08-06T00:00:00, 485.16357421875, 0.0, -0.0, 878.00341796875, 0.0, 0.0
2025-08-07T00:00:00, 483.774658203125, 0.0, -0.0, 738.3211059570312, 0.0, 0.0
2025-08-08T00:00:00, 482.53631591796875, 0.0, -0.0, 299.3193664550781, 0.0, 0.0
2025-08-09T00:00:00, 481.4410705566406, 0.0, -0.0, 149.65968322753906, 0.0, 0.0
2025-08-10T00:00:00, 480.44024658203125, 0.0, -0.0, 339.2286071777344, 0.0, 0.0
2025-08-11T00:00:00, 479.4792785644531, 0.0, -0.0, 199.54623413085938, 0.0, 0.0
2025-08-12T00:00:00, 478.5235900878906, 0.0, -0.0, 937.8673095703125, 0.0, 0.0
2025-08-13T00:00:00, 477.5830993652344, 0.0, -0.0, 1000.0, 0.0, 0.0
2025-08-14T00:00:00, 476.7670593261719, 0.0, -0.0, 1000.0, 0.0, 0.0
2025-08-15T00:00:00, 476.2586669921875, 0.0, -0.0, 339.2286071777344, 0.0, 0.0
2025-08-16T00:00:00, 475.9835205078125, 0.0, -0.0, 59.86387252807617, 0.0, 0.0
2025-08-17T00:00:00, 475.6222839355469, 0.0, -0.0, 229.47817993164062, 0.0, 0.0
2025-08-18T00:00:00, 475.1824951171875, 0.0, -0.0, 1000.0, 0.0, 0.0
2025-08-19T00:00:00, 474.693359375, 0.0, -0.0, 488.8882751464844, 0.0, 0.0
2025-08-20T00:00:00, 474.2109375, 0.0, -0.0, 1000.0, 0.0, 0.0
2025-08-21T00:00:00, 473.9438171386719, 0.0, -0.0, 1000.0, 0.0, 0.0
2025-08-22T00:00:00, 475.0208740234375, 0.0, -0.0, 419.0470886230469, 0.0, 0.0
2025-08-23T00:00:00, 475.4383239746094, 0.0, -0.0, 49.886558532714844, 0.0, 0.0
2025-08-24T00:00:00, 475.1384582519531, 0.0, -0.0, 79.81849670410156, 0.0, 0.0
2025-08-25T00:00:00, 473.6750793457031, 0.0, -0.0, 79.81849670410156, 0.0, 0.0
2025-08-26T00:00:00, 473.3066711425781, 0.0, -0.0, 329.25128173828125, 0.0, 0.0
2025-08-27T00:00:00, 472.79400634765625, 0.0, -0.0, 1000.0, 0.0, 0.0
2025-08-28T00:00:00, 472.1966857910156, 0.0, -0.0, 1000.0, 0.0, 0.0
2025-08-29T00:00:00, 471.6534729003906, 0.0, -0.0, 1000.0, 0.0, 0.0
2025-08-30T00:00:00, 471.8193359375, 0.0, -0.0, 1000.0, 0.0, 0.0
2025-08-31T00:00:00, 473.88525390625, 0.0, -0.0, 399.09246826171875, 0.0, 0.0
2025-09-01T00:00:00, 475.311767578125, 0.0, -0.0, 329.25128173828125, 0.0, 0.0
2025-09-02T00:00:00, 476.9024963378906, 0.0, -0.0, 967.7992553710938, 0.0, 0.0
2025-09-03T00:00:00, 478.70648193359375, 0.0, -0.0, 1000.0, 0.0, 0.0
2025-09-04T00:00:00, 481.0883483886719, 0.0, -0.0, 1000.0, 0.0, 0.0
2025-09-05T00:00:00, 484.2795104980469, 0.0, -0.0, 1000.0, 0.0, 0.0
2025-09-06T00:00:00, 488.2104797363281, 0.0, -0.0, 878.00341796875, 0.0, 0.0
2025-09-07T00:00:00, 492.7077331542969, 0.0, -0.0, 1000.0, 0.0, 0.0
2025-09-08T00:00:00, 497.65130615234375, 0.0, -0.0, 1000.0, 0.0, 0.0
2025-09-09T00:00:00, 502.94012451171875, 0.0, -0.0, 1000.0, 0.0, 0.0
2025-09-10T00:00:00, 508.2548522949219, 0.0, -0.0, 688.4345092773438, 0.0, 0.0
2025-09-11T00:00:00, 513.4000854492188, 0.0, -0.0, 1000.0, 0.0, 0.0
2025-09-12T00:00:00, 517.9990844726562, 0.0, -0.0, 429.0244140625, 0.0, 0.0
2025-09-13T00:00:00, 521.96484375, 0.0, -0.0, 1000.0, 0.0, 0.0
2025-09-14T00:00:00, 525.1372680664062, 0.0, -0.0, 379.1378479003906, 0.0, 0.0
2025-09-15T00:00:00, 527.1089477539062, 0.0, -0.0, 239.4554901123047, 0.0, 0.0
2025-09-16T00:00:00, 527.3907470703125, 0.0, -0.0, 69.8411865234375, 0.0, 0.0
2025-09-17T00:00:00, 525.7135009765625, 0.0, -0.0, 99.77311706542969, 0.0, 0.0
2025-09-18T00:00:00, 522.1279296875, 0.0, -0.0, 89.79580688476562, 0.0, 0.0
2025-09-19T00:00:00, 517.5779418945312, 0.0, -0.0, 1000.0, 0.0, 0.0
2025-09-20T00:00:00, 513.419921875, 0.0, -0.0, 1000.0, 0.0, 0.0
2025-09-21T00:00:00, 510.20916748046875, 0.0, -0.0, 359.1832275390625, 0.0, 0.0
2025-09-22T00:00:00, 508.1537170410156, 0.0, -0.0, 1000.0, 0.0, 0.0
2025-09-23T00:00:00, 507.435546875, 0.0, -0.0, 1000.0, 0.0, 0.0
2025-09-24T00:00:00, 507.86798095703125, 0.0, -0.0, 628.5706176757812, 0.0, 0.0
2025-09-25T00:00:00, 508.6279296875, 0.0, -0.0, 169.6143035888672, 0.0, 0.0
2025-09-26T00:00:00, 509.1247253417969, 0.0, -0.0, 698.4118041992188, 0.0, 0.0
2025-09-27T00:00:00, 509.0149230957031, 0.0, -0.0, 319.27398681640625, 0.0, 0.0
2025-09-28T00:00:00, 508.5700378417969, 0.0, -0.0, 1000.0, 0.0, 0.0
2025-09-29T00:00:00, 508.0204772949219, 0.0, -0.0, 419.0470886230469, 0.0, 0.0
2025-09-30T00:00:00, 507.7138671875, 0.0, -0.0, 1000.0, 0.0, 0.0
2025-10-01T00:00:00, 508.1021728515625, 0.0, -0.0, 1000.0, 0.0, 0.0
2025-10-02T00:00:00, 509.48834228515625, 0.0, -0.0, 1000.0, 0.0, 0.0
2025-10-03T00:00:00, 511.73284912109375, 0.0, -0.0, 708.38916015625, 0.0, 0.0
2025-10-04T00:00:00, 514.2137451171875, 0.0, -0.0, 439.001708984375, 0.0, 0.0
2025-10-05T00:00:00, 516.3701171875, 0.0, -0.0, 648.5252685546875, 0.0, 0.0
2025-10-06T00:00:00, 518.2527465820312, 0.0, -0.0, 1000.0, 0.0, 0.0
2025-10-07T00:00:00, 520.2626953125, 0.0, -0.0, 1000.0, 0.0, 0.0
2025-10-08T00:00:00, 522.5531005859375, 0.0, -0.0, 708.38916015625, 0.0, 0.0
2025-10-09T00:00:00, 525.1941528320312, 0.0, -0.0, 1000.0, 0.0, 0.0
2025-10-10T00:00:00, 527.6544799804688, 0.0, -0.0, 159.63699340820312, 0.0, 0.0
2025-10-11T00:00:00, 529.0792846679688, 0.0, -0.0, 169.6143035888672, 0.0, 0.0
2025-10-12T00:00:00, 529.4735717773438, 0.0, -0.0, 1000.0, 0.0, 0.0
2025-10-13T00:00:00, 529.5542602539062, 0.0, -0.0, 1000.0, 0.0, 0.0
2025-10-14T00:00:00, 530.0930786132812, 0.0, -0.0, 1000.0, 0.0, 0.0
2025-10-15T00:00:00, 531.527099609375, 0.0, -0.0, 1000.0, 0.0, 0.0
2025-10-16T00:00:00, 533.9542846679688, 0.0, -0.0, 1000.0, 0.0, 0.0
2025-10-17T00:00:00, 537.2623291015625, 0.0, -0.0, 1000.0, 0.0, 0.0
2025-10-18T00:00:00, 540.5650634765625, 0.0, -0.0, 69.8411865234375, 0.0, 0.0
2025-10-19T00:00:00, 543.3307495117188, 0.0, -0.0, 1000.0, 0.0, 0.0
2025-10-20T00:00:00, 545.7315673828125, 0.0, -0.0, 1000.0, 0.0, 0.0
2025-10-21T00:00:00, 548.1890869140625, 0.0, -0.0, 1000.0, 0.0, 0.0
2025-10-22T00:00:00, 550.552734375, 0.0, -0.0, 369.1605529785156, 0.0, 0.0
2025-10-23T00:00:00, 552.1033325195312, 0.0, -0.0, 149.65968322753906, 0.0, 0.0
2025-10-24T00:00:00, 552.7437744140625, 0.0, -0.0, 1000.0, 0.0, 0.0
2025-10-25T00:00:00, 553.0518798828125, 0.0, -0.0, 1000.0, 0.0, 0.0
2025-10-26T00:00:00, 553.7185668945312, 0.0, -0.0, 1000.0, 0.0, 0.0
2025-10-27T00:00:00, 555.140625, 0.0, -0.0, 1000.0, 0.0, 0.0
2025-10-28T00:00:00, 556.8847045898438, 0.0, -0.0, 269.3874206542969, 0.0, 0.0
2025-10-29T00:00:00, 558.6085205078125, 0.0, -0.0, 1000.0, 0.0, 0.0
2025-10-30T00:00:00, 560.4009399414062, 0.0, -0.0, 1000.0, 0.0, 0.0
2025-10-31T00:00:00, 562.529052734375, 0.0, -0.0, 1000.0, 0.0, 0.0
2025-11-01T00:00:00, 564.9100341796875, 0.0, -0.0, 658.5025634765625, 0.0, 0.0
2025-11-02T00:00:00, 567.4566040039062, 0.0, -0.0, 1000.0, 0.0, 0.0
2025-11-03T00:00:00, 570.225341796875, 0.0, -0.0, 1000.0, 0.0, 0.0
2025-11-04T00:00:00, 573.3077392578125, 0.0, -0.0, 1000.0, 0.0, 0.0
2025-11-05T00:00:00, 576.7365112304688, 0.0, -0.0, 1000.0, 0.0, 0.0
2025-11-06T00:00:00, 580.4885864257812, 0.0, -0.0, 1000.0, 0.0, 0.0
2025-11-07T00:00:00, 584.4940185546875, 0.0, -0.0, 1000.0, 0.0, 0.0
2025-11-08T00:00:00, 588.6744995117188, 0.0, -0.0, 1000.0, 0.0, 0.0
2025-11-09T00:00:00, 592.9537963867188, 0.0, -0.0, 1000.0, 0.0, 0.0
2025-11-10T00:00:00, 597.275146484375, 0.0, -0.0, 1000.0, 0.0, 0.0
2025-11-11T00:00:00, 601.5862426757812, 0.0, -0.0, 987.7538452148438, 0.0, 0.0
2025-11-12T00:00:00, 605.8515625, 0.0, -0.0, 1000.0, 0.0, 0.0
2025-11-13T00:00:00, 610.0547485351562, 0.0, -0.0, 1000.0, 0.0, 0.0
2025-11-14T00:00:00, 614.1926879882812, 0.0, -0.0, 1000.0, 0.0, 0.0
2025-11-15T00:00:00, 618.2611083984375, 0.0, -0.0, 1000.0, 0.0, 0.0
2025-11-16T00:00:00, 622.2573852539062, 0.0, -0.0, 1000.0, 0.0, 0.0
2025-11-17T00:00:00, 626.179443359375, 0.0, -0.0, 1000.0, 0.0, 0.0
2025-11-18T00:00:00, 630.0253295898438, 0.0, -0.0, 1000.0, 0.0, 0.0
2025-11-19T00:00:00, 633.7252807617188, 0.0, -0.0, 907.9353637695312, 0.0, 0.0
2025-11-20T00:00:00, 636.88623046875, 0.0, -0.0, 518.8201904296875, 0.0, 0.0
2025-11-21T00:00:00, 638.675048828125, 0.0, -0.0, 69.8411865234375, 0.0, 0.0
2025-11-22T00:00:00, 638.5853881835938, 0.0, -0.0, 458.95635986328125, 0.0, 0.0
2025-11-23T00:00:00, 637.1179809570312, 0.0, -0.0, 1000.0, 0.0, 0.0
2025-11-24T00:00:00, 635.2576904296875, 0.0, -0.0, 1000.0, 0.0, 0.0
2025-11-25T00:00:00, 633.8629760742188, 0.0, -0.0, 1000.0, 0.0, 0.0
2025-11-26T00:00:00, 633.3611450195312, 0.0, -0.0, 1000.0, 0.0, 0.0
2025-11-27T00:00:00, 633.8370361328125, 0.0, -0.0, 1000.0, 0.0, 0.0
2025-11-28T00:00:00, 635.1751708984375, 0.0, -0.0, 1000.0, 0.0, 0.0
2025-11-29T00:00:00, 637.179443359375, 0.0, -0.0, 1000.0, 0.0, 0.0
2025-11-30T00:00:00, 639.6650390625, 0.0, -0.0, 1000.0, 0.0, 0.0
2025-12-01T00:00:00, 642.4708862304688, 0.0, -0.0, 1000.0, 0.0, 0.0
2025-12-02T00:00:00, 645.4740600585938, 0.0, -0.0, 1000.0, 0.0, 0.0
2025-12-03T00:00:00, 648.4041748046875, 0.0, -0.0, 758.2756958007812, 0.0, 0.0
2025-12-04T00:00:00, 650.6921997070312, 0.0, -0.0, 439.001708984375, 0.0, 0.0
2025-12-05T00:00:00, 651.9345092773438, 0.0, -0.0, 658.5025634765625, 0.0, 0.0
2025-12-06T00:00:00, 652.3366088867188, 0.0, -0.0, 1000.0, 0.0, 0.0
2025-12-07T00:00:00, 652.3290405273438, 0.0, -0.0, 828.1168823242188, 0.0, 0.0
2025-12-08T00:00:00, 652.3502197265625, 0.0, -0.0, 1000.0, 0.0, 0.0
2025-12-09T00:00:00, 652.7241821289062, 0.0, -0.0, 1000.0, 0.0, 0.0
2025-12-10T00:00:00, 653.621826171875, 0.0, -0.0, 1000.0, 0.0, 0.0
2025-12-11T00:00:00, 655.05224609375, 0.0, -0.0, 1000.0, 0.0, 0.0
2025-12-12T00:00:00, 656.9420166015625, 0.0, -0.0, 1000.0, 0.0, 0.0
2025-12-13T00:00:00, 659.185546875, 0.0, -0.0, 1000.0, 0.0, 0.0
2025-12-14T00:00:00, 661.6764526367188, 0.0, -0.0, 1000.0, 0.0, 0.0
2025-12-15T00:00:00, 664.324951171875, 0.0, -0.0, 1000.0, 0.0, 0.0
2025-12-16T00:00:00, 667.0626220703125, 0.0, -0.0, 1000.0, 0.0, 0.0
2025-12-17T00:00:00, 669.840087890625, 0.0, -0.0, 1000.0, 0.0, 0.0
2025-12-18T00:00:00, 672.6233520507812, 0.0, -0.0, 1000.0, 0.0, 0.0
2025-12-19T00:00:00, 675.3892211914062, 0.0, -0.0, 1000.0, 0.0, 0.0
2025-12-20T00:00:00, 678.1227416992188, 0.0, -0.0, 1000.0, 0.0, 0.0
2025-12-21T00:00:00, 680.814208984375, 0.0, -0.0, 1000.0, 0.0, 0.0
2025-12-22T00:00:00, 683.4578857421875, 0.0, -0.0, 1000.0, 0.0, 0.0
2025-12-23T00:00:00, 686.050537109375, 0.0, -0.0, 1000.0, 0.0, 0.0
2025-12-24T00:00:00, 688.5903930664062, 0.0, -0.0, 1000.0, 0.0, 0.0
2025-12-25T00:00:00, 691.076904296875, 0.0, -0.0, 1000.0, 0.0, 0.0
2025-12-26T00:00:00, 693.5100708007812, 0.0, -0.0, 1000.0, 0.0, 0.0
2025-12-27T00:00:00, 695.890380859375, 0.0, -0.0, 1000.0, 0.0, 0.0
2025-12-28T00:00:00, 698.1414794921875, 0.0, -0.0, 897.9580688476562, 0.0, 0.0
2025-12-29T00:00:00, 700.2266845703125, 0.0, -0.0, 1000.0, 0.0, 0.0
2025-12-30T00:00:00, 702.1851196289062, 0.0, -0.0, 1000.0, 0.0, 0.0
