Dates, OIL_PROD, WATER_PROD, WATER_INJ_TOP, Xflow, P_wf
1.0, 1500.0, 2.2893213475101704e-13, 688.4341430664062, 0.0003902193857356906, 191.4228515625
1.5, 1500.0, 1.0049020635265363e-20, 1000.0, 726.074951171875, 190.244384765625
2.0, 1500.003173828125, 2.513393832201373e-23, 1000.0, 726.074951171875, 189.42050170898438
3.0, 1500.0048828125, 6.28744389803864e-26, 1000.0, 726.074951171875, 188.36000061035156
4.0, 1500.0030517578125, 1.5726166516419391e-28, 1000.0, 496.5967712402344, 187.60145568847656
5.0, 1500.002197265625, 3.9330385882467782e-31, 259.409912109375, 0.00018313918553758413, 187.02084350585938
6.0, 1500.0, 8.632976646568972e-39, 29.931915283203125, 2.0081042748643085e-05, 186.5535125732422
7.0, 1500.0013427734375, 2.1588404141388132e-41, 179.59149169921875, 0.00011742868809960783, 186.16143798828125
8.0, 1500.0, 0.0, 1000.0, 77.5496826171875, 185.8223419189453
9.0, 1500.0, 0.0, 1000.0, 726.074951171875, 185.5230712890625
10.0, 1500.0008544921875, 0.0, 1000.0, 726.074951171875, 185.2562713623047
11.0, 1500.0006103515625, 0.0, 1000.0, 726.074951171875, 185.01742553710938
12.0, 1500.0006103515625, 0.0, 1000.0, 726.074951171875, 184.8031005859375
13.0, 1500.0, 0.0, 1000.0, 726.074951171875, 184.6104736328125
14.0, 1500.0009765625, 0.0, 1000.0, 726.074951171875, 184.43695068359375
15.0, 1500.0008544921875, 0.0, 1000.0, 596.369873046875, 184.28005981445312
16.0, 1500.0, 0.0, 1000.0, 346.9371032714844, 184.13731384277344
17.0, 1500.0, 0.0, 1000.0, 57.59504699707031, 184.00640869140625
18.0, 1500.0, 0.0, 1000.0, 726.074951171875, 183.8856964111328
19.0, 1500.000244140625, 0.0, 1000.0, 726.074951171875, 183.77284240722656
20.0, 1500.0, 0.0, 1000.0, 726.074951171875, 183.66464233398438
21.0, 1500.0006103515625, 0.0, 1000.0, 726.074951171875, 183.5634307861328
22.0, 1500.0006103515625, 0.0, 1000.0, 726.074951171875, 183.46859741210938
23.0, 1500.00048828125, 0.0, 1000.0, 726.074951171875, 183.37933349609375
24.0, 1500.00048828125, 0.0, 1000.0, 726.074951171875, 183.29493713378906
25.0, 1500.0, 0.0, 578.6832275390625, 0.0008905596332624555, 183.21463012695312
26.0, 1500.0, 0.0, 1000.0, 356.9144287109375, 183.13760375976562
27.0, 1500.0, 0.0, 1000.0, 287.0732421875, 183.0629119873047
28.0, 1500.000244140625, 0.0, 1000.0, 726.074951171875, 182.989990234375
29.0, 1500.00048828125, 0.0, 1000.0, 726.074951171875, 182.91859436035156
30.0, 1500.0, 0.0, 1000.0, 726.074951171875, 182.84873962402344
31.0, 1500.0003662109375, 0.0, 1000.0, 726.074951171875, 182.78050231933594
32.0, 1500.0003662109375, 0.0, 1000.0, 726.074951171875, 182.714111328125
33.0, 1500.0, 0.0, 1000.0, 726.074951171875, 182.64923095703125
34.0, 1500.0, 0.0, 79.81831359863281, 0.00018096894200425595, 182.5857391357422
35.0, 1500.0, 0.0, 1000.0, 486.6194763183594, 182.52288818359375
36.0, 1500.0, 0.0, 1000.0, 726.074951171875, 182.46011352539062
37.0, 1500.0, 0.0, 1000.0, 726.074951171875, 182.3971710205078
38.0, 1500.0, 0.0, 1000.0, 167.34548950195312, 182.33409118652344
39.0, 1500.0, 0.0, 1000.0, 726.074951171875, 182.27098083496094
40.0, 1500.0, 0.0, 1000.0, 726.074951171875, 182.20797729492188
41.0, 1500.0, 0.0, 1000.0, 726.074951171875, 182.14524841308594
42.0, 1500.000244140625, 0.0, 1000.0, 726.074951171875, 182.0829315185547
43.0, 1500.0, 0.0, 1000.0, 426.7555847167969, 182.0211639404297
44.0, 1500.0, 0.0, 897.9551391601562, 0.0029464743565768003, 181.95993041992188
45.0, 1500.000244140625, 0.0, 409.0684509277344, 0.0013224921422079206, 181.8991241455078
46.0, 1500.0, 0.0, 1000.0, 336.95977783203125, 181.83827209472656
47.0, 1500.0, 0.0, 1000.0, 406.80096435546875, 181.77719116210938
48.0, 1500.0, 0.0, 568.7047729492188, 0.0019850158132612705, 181.7156524658203
49.0, 1500.0, 0.0, 369.15936279296875, 0.001179596409201622, 181.6533660888672
50.0, 1500.0, 0.0, 349.20477294921875, 0.0011450836900621653, 181.5902557373047
51.0, 1500.0, 0.0, 768.25048828125, 0.0025385969784110785, 181.5261688232422
52.0, 1500.0, 0.0, 269.3864440917969, 0.0009659701026976109, 181.46099853515625
53.0, 1500.0, 0.0, 1000.0, 726.074951171875, 181.39471435546875
54.0, 1500.000244140625, 0.0, 89.79545593261719, 0.00034832992241717875, 181.32733154296875
55.0, 1500.0, -0.0, 309.29571533203125, 0.000961685786023736, 181.2588653564453
56.0, 1500.0, -0.0, 1000.0, 726.074951171875, 181.18931579589844
57.0, 1500.0, -0.0, 1000.0, 726.074951171875, 181.11888122558594
58.0, 1500.0, -0.0, 947.8409423828125, 0.0037023115437477827, 181.04788208007812
59.0, 1500.0, -0.0, 149.6591033935547, 0.0005787177942693233, 180.9765167236328
60.0, 1500.0, -0.0, 1000.0, 596.369873046875, 180.905029296875
61.0, 1500.0, -0.0, 1000.0, 726.074951171875, 180.83351135253906
62.0, 1500.0, -0.0, 838.0908203125, 0.0033504522871226072, 180.76211547851562
63.0, 1500.0, -0.0, 149.6591033935547, 0.0005762324435636401, 180.69085693359375
64.0, 1500.0, -0.0, 99.77278900146484, 0.00032644611201249063, 180.6196746826172
65.0, 1500.0, -0.0, 578.6820678710938, 0.0020096558146178722, 180.54843139648438
66.0, 1500.0, -0.0, 259.40911865234375, 0.0009823167929425836, 180.47691345214844
67.0, 1500.0, -0.0, 478.9092102050781, 0.001745889661833644, 180.40496826171875
68.0, 1500.0, -0.0, 458.9546203613281, 0.0017285741632804275, 180.33255004882812
69.0, 1500.0, -0.0, 1000.0, 237.18667602539062, 180.25970458984375
70.0, 1500.0, -0.0, 9.977270126342773, 4.1543287807144225e-05, 180.18643188476562
71.0, 1500.0, -0.0, 209.52285766601562, 0.0006848813500255346, 180.11305236816406
72.0, 1500.0, -0.0, 768.2503051757812, 0.002707122126594186, 180.0393829345703
73.0, 1495.0667724609375, -0.0, 229.47727966308594, 0.0008915847865864635, 180.0
74.0, 1485.4373779296875, -0.0, 0.0, -0.0, 180.0
75.0, 1477.2781982421875, -0.0, 0.0, -0.0, 180.0
76.0, 1469.7698974609375, -0.0, 1000.0, 227.20936584472656, 180.0
77.0, 1462.637939453125, -0.0, 1000.0, 726.074951171875, 180.0
78.0, 1455.7828369140625, -0.0, 1000.0, 726.074951171875, 180.0
79.0, 1449.171630859375, -0.0, 1000.0, 726.074951171875, 180.0
80.0, 1442.794921875, -0.0, 957.818115234375, 0.003815318923443556, 180.0
81.0, 1436.6478271484375, -0.0, 1000.0, 137.41355895996094, 180.0
82.0, 1430.7113037109375, -0.0, 89.79544830322266, 0.00035589345498010516, 180.0
83.0, 1424.9171142578125, -0.0, 289.3410949707031, 0.000937101140152663, 180.0
84.0, 1419.2119140625, -0.0, 419.0456237792969, 0.0014804446836933494, 180.0
85.0, 1413.62353515625, -0.0, 139.68185424804688, 0.0005078402464278042, 180.0
86.0, 1408.1087646484375, -0.0, 109.75004577636719, 0.00038261496229097247, 180.0
87.0, 1402.6376953125, -0.0, 967.7958984375, 0.0033247992396354675, 180.0
88.0, 1397.2054443359375, -0.0, 1000.0, 117.45893096923828, 180.0
89.0, 1391.826171875, -0.0, 1000.0, 237.18667602539062, 180.0
90.0, 1386.51513671875, -0.0, 349.2045593261719, 0.0013598509831354022, 180.0
91.0, 1381.278564453125, -0.0, 259.40924072265625, 0.0008695012074895203, 180.0
92.0, 1376.108642578125, -0.0, 688.43212890625, 0.0023790616542100906, 180.0
93.0, 1370.9984130859375, -0.0, 1000.0, 726.074951171875, 180.0
94.0, 1365.948486328125, -0.0, 1000.0, 726.074951171875, 180.0
95.0, 1360.96142578125, -0.0, 389.1136779785156, 0.0014698222512379289, 180.0
96.0, 1356.0423583984375, -0.0, 788.2050170898438, 0.0025984463281929493, 180.0
97.0, 1351.1865234375, -0.0, 409.0682678222656, 0.0015104981139302254, 180.0
98.0, 1346.3858642578125, -0.0, 159.636474609375, 0.0005221659666858613, 180.0
99.0, 1341.624755859375, -0.0, 189.56829833984375, 0.0006294879131019115, 180.0
100.0, 1336.88720703125, -0.0, 488.88665771484375, 0.001621974864974618, 180.0
101.0, 1332.1607666015625, -0.0, 339.2274475097656, 0.0011690505780279636, 180.0
102.0, 1327.443603515625, -0.0, 927.8869018554688, 0.0031300100963562727, 180.0
103.0, 1322.7457275390625, -0.0, 907.9320678710938, 0.0033304174430668354, 180.0
104.0, 1318.0860595703125, -0.0, 1000.0, 726.074951171875, 180.0
105.0, 1313.48681640625, -0.0, 1000.0, 726.074951171875, 180.0
106.0, 1308.9747314453125, -0.0, 1000.0, 257.14129638671875, 180.0
107.0, 1304.568359375, -0.0, 628.5682373046875, 0.002383577171713114, 180.0
108.0, 1300.2757568359375, -0.0, 359.1820373535156, 0.0011948966421186924, 180.0
109.0, 1296.090576171875, -0.0, 1000.0, 366.8917236328125, 180.0
110.0, 1292.001220703125, -0.0, 19.95454978942871, 7.367706712102517e-05, 180.0
111.0, 1287.98583984375, -0.0, 159.6365203857422, 0.0004669964546337724, 180.0
112.0, 1284.0240478515625, -0.0, 1000.0, 726.074951171875, 180.0
113.0, 1280.106201171875, -0.0, 1000.0, 726.074951171875, 180.0
114.0, 1276.2403564453125, -0.0, 1000.0, 7.708498477935791, 180.0
115.0, 1272.4437255859375, -0.0, 1000.0, 506.5740966796875, 180.0
116.0, 1268.7325439453125, -0.0, 1000.0, 726.074951171875, 180.0
117.0, 1265.121826171875, -0.0, 1000.0, 566.43798828125, 180.0
118.0, 1261.6102294921875, -0.0, 269.38641357421875, 0.0010070393327623606, 180.0
119.0, 1258.1920166015625, -0.0, 838.0916748046875, 0.0025082568172365427, 180.0
120.0, 1254.8397216796875, -0.0, 718.364013671875, 0.002469450468197465, 180.0
121.0, 1251.5322265625, -0.0, 1000.0, 207.25473022460938, 180.0
122.0, 1248.253173828125, -0.0, 508.8410949707031, 0.0018082538153976202, 180.0
123.0, 1244.9989013671875, -0.0, 1000.0, 57.59505844116211, 180.0
124.0, 1241.7618408203125, -0.0, 558.7275390625, 0.0019442533375695348, 180.0
125.0, 1238.538330078125, -0.0, 429.0231018066406, 0.0013087239349260926, 180.0
126.0, 1235.3199462890625, -0.0, 578.6822509765625, 0.0018239844357594848, 180.0
127.0, 1232.099609375, -0.0, 159.636474609375, 0.0005127686890773475, 180.0
128.0, 1228.8699951171875, -0.0, 608.6141967773438, 0.0018363901181146502, 180.0
129.0, 1225.6156005859375, -0.0, 518.818603515625, 0.0016425413778051734, 180.0
130.0, 1222.3486328125, -0.0, 79.81824493408203, 0.0002498984395060688, 180.0
131.0, 1219.0699462890625, -0.0, 488.8868408203125, 0.001430292846634984, 180.0
132.0, 1215.78515625, -0.0, 1000.0, 726.074951171875, 180.0
133.0, 1212.5093994140625, -0.0, 1000.0, 317.0051574707031, 180.0
134.0, 1209.2625732421875, -0.0, 1000.0, 726.074951171875, 180.0
135.0, 1206.0638427734375, -0.0, 788.2051391601562, 0.0025118631310760975, 180.0
136.0, 1202.92724609375, -0.0, 1000.0, 726.074951171875, 180.0
137.0, 1199.8692626953125, -0.0, 1000.0, 726.074951171875, 180.0
138.0, 1196.9002685546875, -0.0, 768.2503662109375, 0.002620390150696039, 180.0
139.0, 1194.0185546875, -0.0, 289.3411560058594, 0.0008766674436628819, 180.0
140.0, 1191.2080078125, -0.0, 319.2730407714844, 0.000939663324970752, 180.0
141.0, 1188.4444580078125, -0.0, 209.52293395996094, 0.0006116401636973023, 180.0
142.0, 1185.701416015625, -0.0, 389.1140441894531, 0.0011118492111563683, 180.0
143.0, 1182.9552001953125, -0.0, 458.95501708984375, 0.0013320435537025332, 180.0
144.0, 1180.186767578125, -0.0, 89.79554748535156, 0.0002624735643621534, 180.0
145.0, 1177.38134765625, -0.0, 99.77284240722656, 0.00027634427533484995, 180.0
146.0, 1174.527099609375, -0.0, 309.2958068847656, 0.0008477868977934122, 180.0
147.0, 1171.622802734375, -0.0, 1000.0, 726.074951171875, 180.0
148.0, 1168.682861328125, -0.0, 1000.0, 616.3245239257812, 180.0
149.0, 1165.731689453125, -0.0, 748.2960815429688, 0.002284463495016098, 180.0
150.0, 1162.79638671875, -0.0, 1000.0, 376.8690490722656, 180.0
151.0, 1159.8978271484375, -0.0, 1000.0, 117.45893096923828, 180.0
152.0, 1157.043212890625, -0.0, 389.1139831542969, 0.0011681208852678537, 180.0
153.0, 1154.23388671875, -0.0, 1000.0, 726.074951171875, 180.0
154.0, 1151.4678955078125, -0.0, 1000.0, 726.074951171875, 180.0
155.0, 1148.7572021484375, -0.0, 1000.0, 726.074951171875, 180.0
156.0, 1146.1036376953125, -0.0, 109.75007629394531, 0.00035418543848209083, 180.0
157.0, 1143.4884033203125, -0.0, 189.56845092773438, 0.00047879607882350683, 180.0
158.0, 1140.8990478515625, -0.0, 648.5234985351562, 0.001746724359691143, 180.0
159.0, 1138.3251953125, -0.0, 1000.0, 726.074951171875, 180.0
160.0, 1135.768798828125, -0.0, 1000.0, 726.074951171875, 180.0
161.0, 1133.2374267578125, -0.0, 399.0912780761719, 0.0011899538803845644, 180.0
162.0, 1130.733642578125, -0.0, 329.2503662109375, 0.0009341706172563136, 180.0
163.0, 1128.250732421875, -0.0, 89.7955551147461, 0.00024801326799206436, 180.0
164.0, 1125.7816162109375, -0.0, 1000.0, 726.074951171875, 180.0
165.0, 1123.326416015625, -0.0, 1000.0, 726.074951171875, 180.0
166.0, 1120.9029541015625, -0.0, 1000.0, 726.074951171875, 180.0
167.0, 1118.5361328125, -0.0, 1000.0, 207.25473022460938, 180.0
168.0, 1116.22998046875, -0.0, 199.545654296875, 0.0005897276569157839, 180.0
169.0, 1113.979248046875, -0.0, 219.5003204345703, 0.0005409932928159833, 180.0
170.0, 1111.748291015625, -0.0, 239.45484924316406, 0.0006317057996056974, 180.0
171.0, 1109.503662109375, -0.0, 109.75013732910156, 0.00029085230198688805, 180.0
172.0, 1107.2177734375, -0.0, 538.7734375, 0.0013970367144793272, 180.0
173.0, 1104.8731689453125, -0.0, 39.90913772583008, 0.0001087318014469929, 180.0
174.0, 1102.4654541015625, -0.0, 1000.0, 127.43624114990234, 180.0
175.0, 1099.9979248046875, -0.0, 189.56837463378906, 0.0005479616811499, 180.0
176.0, 1097.478759765625, -0.0, 389.1142272949219, 0.0009355826769024134, 180.0
177.0, 1094.908203125, -0.0, 59.86371612548828, 0.00015606138913426548, 180.0
178.0, 1092.285888671875, -0.0, 359.18231201171875, 0.0009013195522129536, 180.0
179.0, 1089.610107421875, -0.0, 0.0, -0.0, 180.0
180.0, 1086.8782958984375, -0.0, 0.0, -0.0, 180.0
181.0, 1084.087890625, -0.0, 99.77287292480469, 0.00024285574909299612, 180.0
182.0, 1081.23583984375, -0.0, 149.65931701660156, 0.00036606122739613056, 180.0
183.0, 1078.310791015625, -0.0, 249.43218994140625, 0.0006114488351158798, 180.0
184.0, 1075.315185546875, -0.0, 0.0, -0.0, 180.0
185.0, 1072.2568359375, -0.0, 329.25048828125, 0.0007884817314334214, 180.0
186.0, 1069.142333984375, -0.0, 109.75016021728516, 0.0002710354165174067, 180.0
187.0, 1065.9775390625, -0.0, 369.1596374511719, 0.0008873834158293903, 180.0
188.0, 1062.7685546875, -0.0, 89.79558563232422, 0.00022131494188215584, 180.0
189.0, 1059.521484375, -0.0, 149.65931701660156, 0.00035638862755149603, 180.0
190.0, 1056.24169921875, -0.0, 229.47763061523438, 0.0005455241771414876, 180.0
191.0, 1052.9407958984375, -0.0, 1000.0, 646.2564697265625, 180.0
192.0, 1049.645751953125, -0.0, 1000.0, 416.7782897949219, 180.0
193.0, 1046.3963623046875, -0.0, 1000.0, 726.074951171875, 180.0
194.0, 1043.23583984375, -0.0, 1000.0, 726.074951171875, 180.0
195.0, 1040.20751953125, -0.0, 1000.0, 726.074951171875, 180.0
196.0, 1037.346923828125, -0.0, 1000.0, 97.50430297851562, 180.0
197.0, 1034.6710205078125, -0.0, 1000.0, 67.57237243652344, 180.0
198.0, 1032.1776123046875, -0.0, 1000.0, 726.074951171875, 180.0
199.0, 1029.8399658203125, -0.0, 99.7728500366211, 0.0002669133245944977, 180.0
200.0, 1027.6185302734375, -0.0, 967.7969360351562, 0.002336465287953615, 180.0
201.0, 1025.4781494140625, -0.0, 1000.0, 606.3472290039062, 180.0
202.0, 1023.3953247070312, -0.0, 588.6598510742188, 0.0015562459593638778, 180.0
203.0, 1021.351318359375, -0.0, 149.6593017578125, 0.00038312579272314906, 180.0
204.0, 1019.3257446289062, -0.0, 219.50033569335938, 0.0005228446098044515, 180.0
205.0, 1017.2951049804688, -0.0, 49.88644027709961, 0.00011784398520831019, 180.0
206.0, 1015.2349853515625, -0.0, 0.0, -0.0, 180.0
207.0, 1013.1229248046875, -0.0, 0.0, -0.0, 180.0
208.0, 1010.9400024414062, -0.0, 0.0, -0.0, 180.0
209.0, 1008.6690673828125, -0.0, 159.63662719726562, 0.00035716596175916493, 180.0
210.0, 1006.3051147460938, -0.0, 1000.0, 177.3227996826172, 180.0
211.0, 1003.8558349609375, -0.0, 209.52301025390625, 0.0005341362557373941, 180.0
212.0, 1001.33154296875, -0.0, 468.9326171875, 0.001031576655805111, 180.0
213.0, 998.74169921875, -0.0, 79.81830596923828, 0.00018683020607568324, 180.0
214.0, 996.0951538085938, -0.0, 269.3868103027344, 0.0006035464466549456, 180.0
215.0, 993.3984985351562, -0.0, 219.5003662109375, 0.0004979392397217453, 180.0
216.0, 990.6568603515625, -0.0, 339.22784423828125, 0.000763670657761395, 180.0
217.0, 987.8751220703125, -0.0, 39.909156799316406, 9.078615403268486e-05, 180.0
218.0, 985.0615844726562, -0.0, 987.751708984375, 0.0021664947271347046, 180.0
219.0, 982.2332763671875, -0.0, 878.0012817382812, 0.002152258763089776, 180.0
220.0, 979.409423828125, -0.0, 738.3192749023438, 0.0018012846121564507, 180.0
221.0, 976.603759765625, -0.0, 299.3186340332031, 0.0007086822297424078, 180.0
222.0, 973.82861328125, -0.0, 149.6593475341797, 0.00032333796843886375, 180.0
223.0, 971.0794677734375, -0.0, 339.2278747558594, 0.0007409779354929924, 180.0
224.0, 968.345947265625, -0.0, 199.54579162597656, 0.0004443888319656253, 180.0
225.0, 965.61865234375, -0.0, 937.865234375, 0.0020534417126327753, 180.0
226.0, 962.9024658203125, -0.0, 1000.0, 726.074951171875, 180.0
227.0, 960.220458984375, -0.0, 1000.0, 726.074951171875, 180.0
228.0, 957.592529296875, -0.0, 339.2277526855469, 0.0008429165463894606, 180.0
229.0, 955.0228271484375, -0.0, 59.86374282836914, 0.00013024832878727466, 180.0
230.0, 952.5001220703125, -0.0, 229.47767639160156, 0.0004934596945531666, 180.0
231.0, 950.0109252929688, -0.0, 1000.0, 376.8690490722656, 180.0
232.0, 947.5453491210938, -0.0, 488.8870849609375, 0.001190252136439085, 180.0
233.0, 945.1023559570312, -0.0, 1000.0, 227.20936584472656, 180.0
234.0, 942.6941528320312, -0.0, 1000.0, 726.074951171875, 180.0
235.0, 940.3326416015625, -0.0, 419.04608154296875, 0.0010268379701301455, 180.0
236.0, 938.0208740234375, -0.0, 49.886451721191406, 0.00010875451698666438, 180.0
237.0, 935.7459106445312, -0.0, 79.81832122802734, 0.0001701161963865161, 180.0
238.0, 933.4903564453125, -0.0, 79.81832885742188, 0.00016925836098380387, 180.0
239.0, 931.2352905273438, -0.0, 329.2506103515625, 0.0006948158843442798, 180.0
240.0, 928.9690551757812, -0.0, 1000.0, 117.45893096923828, 180.0
241.0, 926.695556640625, -0.0, 1000.0, 356.9144287109375, 180.0
242.0, 924.4414672851562, -0.0, 1000.0, 227.20936584472656, 180.0
243.0, 922.2461547851562, -0.0, 1000.0, 616.3245239257812, 180.0
244.0, 920.1304321289062, -0.0, 399.09149169921875, 0.0009678374626673758, 180.0
245.0, 918.0897216796875, -0.0, 329.2505798339844, 0.0007055223686620593, 180.0
246.0, 916.1046142578125, -0.0, 967.797119140625, 0.002101423917338252, 180.0
247.0, 914.1627807617188, -0.0, 1000.0, 726.074951171875, 180.0
248.0, 912.2677001953125, -0.0, 1000.0, 726.074951171875, 180.0
249.0, 910.4395751953125, -0.0, 1000.0, 247.1639862060547, 180.0
250.0, 908.701904296875, -0.0, 878.0012817382812, 0.002159452997148037, 180.0
251.0, 907.0704956054688, -0.0, 1000.0, 726.074951171875, 180.0
252.0, 905.5593872070312, -0.0, 1000.0, 726.074951171875, 180.0
253.0, 904.18212890625, -0.0, 1000.0, 726.074951171875, 180.0
254.0, 902.93701171875, -0.0, 688.432861328125, 0.001664813025854528, 180.0
255.0, 901.8085327148438, -0.0, 1000.0, 217.23204040527344, 180.0
256.0, 900.7603149414062, -0.0, 429.0234069824219, 0.0010172564070671797, 180.0
257.0, 899.7530517578125, -0.0, 1000.0, 167.34548950195312, 180.0
258.0, 898.747314453125, -0.0, 379.1369323730469, 0.0009058188879862428, 180.0
259.0, 897.7138671875, -0.0, 239.45498657226562, 0.0004986543790437281, 180.0
260.0, 896.6273803710938, -0.0, 69.84103393554688, 0.00014897667279001325, 180.0
261.0, 895.4690551757812, -0.0, 99.77291107177734, 0.00020791022689081728, 180.0
262.0, 894.2252807617188, -0.0, 89.79562377929688, 0.00018625339725986123, 180.0
263.0, 892.8948364257812, -0.0, 1000.0, 726.074951171875, 180.0
264.0, 891.4967041015625, -0.0, 1000.0, 726.074951171875, 180.0
265.0, 890.0587158203125, -0.0, 359.182373046875, 0.0008391388691961765, 180.0
266.0, 888.6156005859375, -0.0, 1000.0, 726.074951171875, 180.0
267.0, 887.2080078125, -0.0, 1000.0, 307.0278625488281, 180.0
268.0, 885.857421875, -0.0, 628.5691528320312, 0.001475356169976294, 180.0
269.0, 884.5573120117188, -0.0, 169.6139373779297, 0.0003658147470559925, 180.0
270.0, 883.2883911132812, -0.0, 698.4103393554688, 0.0014677848666906357, 180.0
271.0, 882.027099609375, -0.0, 319.27325439453125, 0.0007102406234480441, 180.0
272.0, 880.7608642578125, -0.0, 1000.0, 346.9371032714844, 180.0
273.0, 879.4841918945312, -0.0, 419.0461120605469, 0.0009808250470086932, 180.0
274.0, 878.1984252929688, -0.0, 1000.0, 97.50430297851562, 180.0
275.0, 876.9121704101562, -0.0, 1000.0, 726.074951171875, 180.0
276.0, 875.6591796875, -0.0, 1000.0, 726.074951171875, 180.0
277.0, 874.4673461914062, -0.0, 708.387451171875, 0.0017185930628329515, 180.0
278.0, 873.3389282226562, -0.0, 439.0007629394531, 0.0009603535872884095, 180.0
279.0, 872.2598266601562, -0.0, 648.5238647460938, 0.0014034201158210635, 180.0
280.0, 871.21728515625, -0.0, 1000.0, 57.59505844116211, 180.0
281.0, 870.2105102539062, -0.0, 1000.0, 726.074951171875, 180.0
282.0, 869.2457885742188, -0.0, 708.3875122070312, 0.0016197222284972668, 180.0
283.0, 868.3426513671875, -0.0, 1000.0, 506.5740966796875, 180.0
284.0, 867.4935302734375, -0.0, 159.63661193847656, 0.00037928912206552923, 180.0
285.0, 866.6786499023438, -0.0, 169.6139678955078, 0.0003311391337774694, 180.0
286.0, 865.8645629882812, -0.0, 1000.0, 726.074951171875, 180.0
287.0, 865.0396118164062, -0.0, 1000.0, 726.074951171875, 180.0
288.0, 864.2301025390625, -0.0, 1000.0, 726.074951171875, 180.0
289.0, 863.4847412109375, -0.0, 1000.0, 726.074951171875, 180.0
290.0, 862.8916625976562, -0.0, 1000.0, 696.1430053710938, 180.0
291.0, 862.840087890625, -0.0, 1000.0, 496.5967712402344, 180.0
292.0, 862.6506958007812, -0.0, 69.84101104736328, 0.00016969986609183252, 180.0
293.0, 862.2548828125, -0.0, 1000.0, 726.074951171875, 180.0
294.0, 861.8638916015625, -0.0, 1000.0, 726.074951171875, 180.0
295.0, 861.70947265625, -0.0, 1000.0, 726.074951171875, 180.0
296.0, 862.4571533203125, -0.0, 369.1596374511719, 0.0009046500781551003, 180.0
297.0, 862.29345703125, -0.0, 149.6593475341797, 0.0003274347400292754, 180.0
298.0, 861.5578002929688, -0.0, 1000.0, 366.8917236328125, 180.0
299.0, 861.42724609375, -0.0, 1000.0, 726.074951171875, 180.0
300.0, 861.3011474609375, -0.0, 1000.0, 726.074951171875, 180.0
301.0, 862.3114624023438, -0.0, 1000.0, 157.36817932128906, 180.0
302.0, 862.3734741210938, -0.0, 269.38677978515625, 0.000641297607216984, 180.0
303.0, 861.8827514648438, -0.0, 1000.0, 167.34548950195312, 180.0
304.0, 861.0541381835938, -0.0, 1000.0, 726.074951171875, 180.0
305.0, 860.9591674804688, -0.0, 1000.0, 726.074951171875, 180.0
306.0, 861.6996459960938, -0.0, 658.5010375976562, 0.0015749840531498194, 180.0
307.0, 862.4485473632812, -0.0, 1000.0, 726.074951171875, 180.0
308.0, 864.3363037109375, -0.0, 1000.0, 726.074951171875, 180.0
309.0, 867.2926025390625, -0.0, 1000.0, 726.074951171875, 180.0
310.0, 871.1539916992188, -0.0, 1000.0, 726.074951171875, 180.0
311.0, 875.7028198242188, -0.0, 1000.0, 726.074951171875, 180.0
312.0, 880.7335815429688, -0.0, 1000.0, 726.074951171875, 180.0
313.0, 886.0800170898438, -0.0, 1000.0, 726.074951171875, 180.0
314.0, 891.62451171875, -0.0, 1000.0, 726.074951171875, 180.0
315.0, 897.287353515625, -0.0, 1000.0, 726.074951171875, 180.0
316.0, 902.831787109375, -0.0, 987.7514038085938, 0.0024536140263080597, 180.0
317.0, 907.6216430664062, -0.0, 1000.0, 257.14129638671875, 180.0
318.0, 911.6995849609375, -0.0, 1000.0, 726.074951171875, 180.0
319.0, 915.5595092773438, -0.0, 1000.0, 726.074951171875, 180.0
320.0, 919.58154296875, -0.0, 1000.0, 566.43798828125, 180.0
321.0, 923.841552734375, -0.0, 1000.0, 376.8690490722656, 180.0
322.0, 928.327880859375, -0.0, 1000.0, 726.074951171875, 180.0
323.0, 933.0308227539062, -0.0, 1000.0, 726.074951171875, 180.0
324.0, 937.6721801757812, -0.0, 907.93310546875, 0.002265779534354806, 180.0
325.0, 940.9285888671875, -0.0, 518.8189697265625, 0.0012397289974614978, 180.0
326.0, 941.82177734375, -0.0, 69.8410415649414, 0.000140584132168442, 180.0
327.0, 940.5664672851562, -0.0, 458.9554138183594, 0.0009295152849517763, 180.0
328.0, 938.5241088867188, -0.0, 1000.0, 516.5513916015625, 180.0
329.0, 937.0338745117188, -0.0, 1000.0, 506.5740966796875, 180.0
330.0, 936.8272094726562, -0.0, 1000.0, 726.074951171875, 180.0
331.0, 938.0433959960938, -0.0, 1000.0, 726.074951171875, 180.0
332.0, 940.4703369140625, -0.0, 1000.0, 726.074951171875, 180.0
333.0, 943.810791015625, -0.0, 1000.0, 726.074951171875, 180.0
334.0, 947.78564453125, -0.0, 1000.0, 726.074951171875, 180.0
335.0, 952.1710815429688, -0.0, 1000.0, 726.074951171875, 180.0
336.0, 956.8157348632812, -0.0, 1000.0, 726.074951171875, 180.0
337.0, 961.52294921875, -0.0, 1000.0, 366.8917236328125, 180.0
338.0, 965.8285522460938, -0.0, 758.2738647460938, 0.001856767456047237, 180.0
339.0, 968.997802734375, -0.0, 439.0007019042969, 0.0010136592900380492, 180.0
340.0, 970.7297973632812, -0.0, 658.5011596679688, 0.0014276226283982396, 180.0
341.0, 971.64697265625, -0.0, 1000.0, 726.074951171875, 180.0
342.0, 972.2933959960938, -0.0, 828.1149291992188, 0.001966556767001748, 180.0
343.0, 973.1403198242188, -0.0, 1000.0, 726.074951171875, 180.0
344.0, 974.5361328125, -0.0, 1000.0, 726.074951171875, 180.0
345.0, 976.6206665039062, -0.0, 1000.0, 726.074951171875, 180.0
346.0, 979.347900390625, -0.0, 1000.0, 726.074951171875, 180.0
347.0, 982.59521484375, -0.0, 1000.0, 726.074951171875, 180.0
348.0, 986.2265014648438, -0.0, 1000.0, 726.074951171875, 180.0
349.0, 990.1181030273438, -0.0, 1000.0, 726.074951171875, 180.0
350.0, 994.106689453125, -0.0, 1000.0, 486.6194763183594, 180.0
351.0, 998.1345825195312, -0.0, 1000.0, 726.074951171875, 180.0
352.0, 1002.1868896484375, -0.0, 1000.0, 726.074951171875, 180.0
353.0, 1006.2722778320312, -0.0, 1000.0, 726.074951171875, 180.0
354.0, 1010.400634765625, -0.0, 1000.0, 726.074951171875, 180.0
355.0, 1014.5673828125, -0.0, 1000.0, 726.074951171875, 180.0
356.0, 1018.763671875, -0.0, 1000.0, 726.074951171875, 180.0
357.0, 1022.9801025390625, -0.0, 1000.0, 726.074951171875, 180.0
358.0, 1027.2060546875, -0.0, 1000.0, 726.074951171875, 180.0
359.0, 1031.4365234375, -0.0, 1000.0, 726.074951171875, 180.0
360.0, 1035.6644287109375, -0.0, 1000.0, 726.074951171875, 180.0
361.0, 1039.8900146484375, -0.0, 1000.0, 726.074951171875, 180.0
362.0, 1044.1114501953125, -0.0, 1000.0, 726.074951171875, 180.0
363.0, 1048.0582275390625, -0.0, 897.955810546875, 0.0022823724430054426, 180.0
364.0, 1051.6732177734375, -0.0, 1000.0, 726.074951171875, 180.0
365.0, 1055.098876953125, -0.0, 1000.0, 726.074951171875, 180.0
366.0, 1058.0740966796875, -0.0, 688.4328002929688, 0.001740025356411934, 180.0
367.0, 1060.61083984375, -0.0, 1000.0, 726.074951171875, 180.0
368.0, 1063.00537109375, -0.0, 1000.0, 726.074951171875, 180.0
369.0, 1065.48193359375, -0.0, 1000.0, 496.5967712402344, 180.0
370.0, 1067.3455810546875, -0.0, 259.4094543457031, 0.0006485313642770052, 180.0
371.0, 1067.513916015625, -0.0, 29.93187141418457, 6.494212721008807e-05, 180.0
372.0, 1065.4873046875, -0.0, 179.59124755859375, 0.00036463700234889984, 180.0
373.0, 1062.1268310546875, -0.0, 1000.0, 77.5496826171875, 180.0
374.0, 1058.8238525390625, -0.0, 1000.0, 726.074951171875, 180.0
375.0, 1056.5521240234375, -0.0, 1000.0, 726.074951171875, 180.0
376.0, 1055.6387939453125, -0.0, 1000.0, 726.074951171875, 180.0
377.0, 1055.9873046875, -0.0, 1000.0, 726.074951171875, 180.0
378.0, 1057.31298828125, -0.0, 1000.0, 726.074951171875, 180.0
379.0, 1059.338134765625, -0.0, 1000.0, 726.074951171875, 180.0
380.0, 1061.8099365234375, -0.0, 1000.0, 596.369873046875, 180.0
381.0, 1064.45263671875, -0.0, 1000.0, 346.9371032714844, 180.0
382.0, 1066.98779296875, -0.0, 1000.0, 57.59505844116211, 180.0
383.0, 1068.7406005859375, -0.0, 1000.0, 726.074951171875, 180.0
384.0, 1069.81494140625, -0.0, 1000.0, 726.074951171875, 180.0
385.0, 1070.806884765625, -0.0, 1000.0, 726.074951171875, 180.0
386.0, 1072.176513671875, -0.0, 1000.0, 726.074951171875, 180.0
387.0, 1074.09619140625, -0.0, 1000.0, 726.074951171875, 180.0
388.0, 1076.525146484375, -0.0, 1000.0, 726.074951171875, 180.0
389.0, 1079.3551025390625, -0.0, 1000.0, 726.074951171875, 180.0
390.0, 1081.93017578125, -0.0, 578.6826171875, 0.0014537126990035176, 180.0
391.0, 1083.9666748046875, -0.0, 1000.0, 356.9144287109375, 180.0
392.0, 1085.6058349609375, -0.0, 1000.0, 287.0732421875, 180.0
393.0, 1087.16455078125, -0.0, 1000.0, 726.074951171875, 180.0
394.0, 1088.9129638671875, -0.0, 1000.0, 726.074951171875, 180.0
395.0, 1090.9749755859375, -0.0, 1000.0, 726.074951171875, 180.0
396.0, 1093.357666015625, -0.0, 1000.0, 726.074951171875, 180.0
397.0, 1096.01025390625, -0.0, 1000.0, 726.074951171875, 180.0
398.0, 1098.8551025390625, -0.0, 1000.0, 726.074951171875, 180.0
399.0, 1100.894287109375, -0.0, 79.81829071044922, 0.00020072562620043755, 180.0
400.0, 1101.8800048828125, -0.0, 1000.0, 486.6194763183594, 180.0
401.0, 1102.382568359375, -0.0, 1000.0, 726.074951171875, 180.0
402.0, 1103.0255126953125, -0.0, 1000.0, 726.074951171875, 180.0
403.0, 1104.021240234375, -0.0, 1000.0, 167.34548950195312, 180.0
404.0, 1105.383544921875, -0.0, 1000.0, 726.074951171875, 180.0
405.0, 1107.099365234375, -0.0, 1000.0, 726.074951171875, 180.0
406.0, 1109.151123046875, -0.0, 1000.0, 726.074951171875, 180.0
407.0, 1111.484130859375, -0.0, 1000.0, 726.074951171875, 180.0
408.0, 1113.9610595703125, -0.0, 1000.0, 426.7555847167969, 180.0
409.0, 1116.23388671875, -0.0, 897.9558715820312, 0.0022197223734110594, 180.0
410.0, 1117.5601806640625, -0.0, 409.0688171386719, 0.0009676779736764729, 180.0
411.0, 1117.8990478515625, -0.0, 1000.0, 336.95977783203125, 180.0
412.0, 1117.75244140625, -0.0, 1000.0, 406.80096435546875, 180.0
413.0, 1117.1588134765625, -0.0, 568.7054443359375, 0.0013569950824603438, 180.0
414.0, 1115.6572265625, -0.0, 369.15972900390625, 0.0008093406795524061, 180.0
415.0, 1112.8609619140625, -0.0, 349.2052001953125, 0.0007263633306138217, 180.0
416.0, 1109.052490234375, -0.0, 768.25146484375, 0.0015646173851564527, 180.0
417.0, 1104.37548828125, -0.0, 269.3868408203125, 0.0005761923384852707, 180.0
418.0, 1099.5810546875, -0.0, 1000.0, 726.074951171875, 180.0
419.0, 1094.6455078125, -0.0, 89.79560089111328, 0.0002027552982326597, 180.0
420.0, 1089.1903076171875, -0.0, 309.2960510253906, 0.000607058173045516, 180.0
421.0, 1083.75634765625, -0.0, 1000.0, 726.074951171875, 180.0
422.0, 1079.241455078125, -0.0, 1000.0, 726.074951171875, 180.0
423.0, 1075.9456787109375, -0.0, 947.8424682617188, 0.0021673396695405245, 180.0
424.0, 1072.1605224609375, -0.0, 149.6593475341797, 0.00033154760603792965, 180.0
425.0, 1067.6102294921875, -0.0, 1000.0, 596.369873046875, 180.0
426.0, 1063.2734375, -0.0, 1000.0, 726.074951171875, 180.0
427.0, 1059.782470703125, -0.0, 838.09228515625, 0.0018901836592704058, 180.0
428.0, 1056.52099609375, -0.0, 149.6593475341797, 0.00032315668067894876, 180.0
429.0, 1052.5054931640625, -0.0, 99.7729263305664, 0.000192637337022461, 180.0
430.0, 1047.5478515625, -0.0, 578.6829833984375, 0.00107896130066365, 180.0
431.0, 1041.762939453125, -0.0, 259.40960693359375, 0.0005077299429103732, 180.0
432.0, 1035.4398193359375, -0.0, 478.9100646972656, 0.0009011145448312163, 180.0
433.0, 1028.85791015625, -0.0, 458.9554748535156, 0.0008780261850915849, 180.0
434.0, 1022.7021484375, -0.0, 1000.0, 237.18667602539062, 180.0
435.0, 1016.7570190429688, -0.0, 9.977291107177734, 2.059025973721873e-05, 180.0
436.0, 1010.4542846679688, -0.0, 209.52316284179688, 0.0003798377001658082, 180.0
437.0, 1003.9376220703125, -0.0, 768.2516479492188, 0.001387097523547709, 180.0
438.0, 997.2548217773438, -0.0, 229.4777374267578, 0.00044216003152541816, 180.0
439.0, 990.0617065429688, -0.0, 0.0, -0.0, 180.0
440.0, 982.0131225585938, -0.0, 0.0, -0.0, 180.0
441.0, 973.8907470703125, -0.0, 1000.0, 227.20936584472656, 180.0
442.0, 966.514892578125, -0.0, 1000.0, 726.074951171875, 180.0
443.0, 960.6476440429688, -0.0, 1000.0, 726.074951171875, 180.0
444.0, 956.7142944335938, -0.0, 1000.0, 726.074951171875, 180.0
445.0, 954.4953002929688, -0.0, 957.8199462890625, 0.001997575629502535, 180.0
446.0, 953.2011108398438, -0.0, 1000.0, 137.41355895996094, 180.0
447.0, 951.5819091796875, -0.0, 89.7956314086914, 0.00017362409562338144, 180.0
448.0, 948.8175659179688, -0.0, 289.3415222167969, 0.0005121619906276464, 180.0
449.0, 944.8177490234375, -0.0, 419.0463562011719, 0.0007414643769152462, 180.0
450.0, 939.6668090820312, -0.0, 139.68211364746094, 0.00024935146211646497, 180.0
451.0, 933.4330444335938, -0.0, 109.750244140625, 0.00018866024038288742, 180.0
452.0, 926.9368896484375, -0.0, 967.797607421875, 0.0016368739306926727, 180.0
453.0, 920.97265625, -0.0, 1000.0, 117.45893096923828, 180.0
454.0, 916.1401977539062, -0.0, 1000.0, 237.18667602539062, 180.0
455.0, 911.617431640625, -0.0, 349.2052307128906, 0.0006749332533217967, 180.0
456.0, 906.5918579101562, -0.0, 259.40966796875, 0.0004264673334546387, 180.0
457.0, 901.1707763671875, -0.0, 688.433349609375, 0.0011693027336150408, 180.0
458.0, 896.29150390625, -0.0, 1000.0, 726.074951171875, 180.0
459.0, 892.8253173828125, -0.0, 1000.0, 726.074951171875, 180.0
460.0, 890.4325561523438, -0.0, 389.1143798828125, 0.0007687384495511651, 180.0
461.0, 888.5282592773438, -0.0, 788.2062377929688, 0.0014071055920794606, 180.0
462.0, 886.4798583984375, -0.0, 409.06903076171875, 0.0007496853359043598, 180.0
463.0, 883.6361694335938, -0.0, 159.63670349121094, 0.00027894784579984844, 180.0
464.0, 879.622802734375, -0.0, 189.568603515625, 0.0003172023280058056, 180.0
465.0, 874.671875, -0.0, 488.8874816894531, 0.0008093707729130983, 180.0
466.0, 869.4959106445312, -0.0, 339.22802734375, 0.0005774930468760431, 180.0
467.0, 865.2376098632812, -0.0, 927.888427734375, 0.0015546040376648307, 180.0
468.0, 862.5591430664062, -0.0, 907.9337768554688, 0.0016254850197583437, 180.0
469.0, 861.52685546875, -0.0, 1000.0, 726.074951171875, 180.0
470.0, 861.1002197265625, -0.0, 1000.0, 726.074951171875, 180.0
471.0, 860.6625366210938, -0.0, 1000.0, 257.14129638671875, 180.0
472.0, 860.2662353515625, -0.0, 628.5694580078125, 0.0011933997739106417, 180.0
473.0, 859.8796997070312, -0.0, 359.1826171875, 0.0006109084351919591, 180.0
474.0, 859.463623046875, -0.0, 1000.0, 366.8917236328125, 180.0
475.0, 858.9904174804688, -0.0, 19.954587936401367, 3.668630961328745e-05, 180.0
476.0, 858.4464721679688, -0.0, 159.63674926757812, 0.0002405982231721282, 180.0
477.0, 857.816650390625, -0.0, 1000.0, 726.074951171875, 180.0
478.0, 857.1183471679688, -0.0, 1000.0, 726.074951171875, 180.0
479.0, 856.4107666015625, -0.0, 1000.0, 7.708498477935791, 180.0
480.0, 855.76123046875, -0.0, 1000.0, 506.5740966796875, 180.0
481.0, 855.2528076171875, -0.0, 1000.0, 726.074951171875, 180.0
482.0, 855.1627807617188, -0.0, 1000.0, 566.43798828125, 180.0
483.0, 856.0254516601562, -0.0, 269.38690185546875, 0.000518079730682075, 180.0
484.0, 856.0172119140625, -0.0, 838.0927734375, 0.001437544822692871, 180.0
485.0, 855.3983764648438, -0.0, 718.3651733398438, 0.0012868096819147468, 180.0
486.0, 854.708740234375, -0.0, 1000.0, 207.25473022460938, 180.0
487.0, 854.3878784179688, -0.0, 508.84197998046875, 0.0009306891588494182, 180.0
488.0, 853.966064453125, -0.0, 1000.0, 57.59505844116211, 180.0
489.0, 853.4622802734375, -0.0, 558.7284545898438, 0.0010065246606245637, 180.0
490.0, 852.8837890625, -0.0, 429.0237121582031, 0.0006981112528592348, 180.0
491.0, 852.233642578125, -0.0, 578.68310546875, 0.0009660310461185873, 180.0
492.0, 851.5145263671875, -0.0, 159.63671875, 0.0002709162072278559, 180.0
493.0, 850.7293701171875, -0.0, 608.6150512695312, 0.0009831214556470513, 180.0
494.0, 849.8823852539062, -0.0, 518.8193359375, 0.000872054835781455, 180.0
495.0, 848.97802734375, -0.0, 79.818359375, 0.00013335123367141932, 180.0
496.0, 848.02001953125, -0.0, 488.88751220703125, 0.0007736995466984808, 180.0
497.0, 847.0181884765625, -0.0, 1000.0, 726.074951171875, 180.0
498.0, 846.0053100585938, -0.0, 1000.0, 317.0051574707031, 180.0
499.0, 845.0317993164062, -0.0, 1000.0, 726.074951171875, 180.0
500.0, 844.1400146484375, -0.0, 788.2062377929688, 0.0013969801366329193, 180.0
501.0, 843.3757934570312, -0.0, 1000.0, 726.074951171875, 180.0
502.0, 842.838623046875, -0.0, 1000.0, 726.074951171875, 180.0
503.0, 842.782958984375, -0.0, 768.2515869140625, 0.001441950211301446, 180.0
504.0, 843.00048828125, -0.0, 289.3415222167969, 0.0005153044476173818, 180.0
505.0, 842.2750244140625, -0.0, 319.2734375, 0.0005282338242977858, 180.0
506.0, 841.9234619140625, -0.0, 209.52320861816406, 0.0003411927609704435, 180.0
507.0, 841.4432983398438, -0.0, 389.1145324707031, 0.0006200698553584516, 180.0
508.0, 840.845703125, -0.0, 458.9555969238281, 0.0007400611648336053, 180.0
509.0, 840.1367797851562, -0.0, 89.79566192626953, 0.00014581244613509625, 180.0
510.0, 839.32275390625, -0.0, 99.77296447753906, 0.0001551642781123519, 180.0
511.0, 838.4083251953125, -0.0, 309.29620361328125, 0.00047586712753400207, 180.0
512.0, 837.4039916992188, -0.0, 1000.0, 726.074951171875, 180.0
513.0, 836.3441162109375, -0.0, 1000.0, 616.3245239257812, 180.0
514.0, 835.2808227539062, -0.0, 748.2970581054688, 0.0013421011390164495, 180.0
515.0, 834.2630615234375, -0.0, 1000.0, 376.8690490722656, 180.0
516.0, 833.330810546875, -0.0, 1000.0, 117.45893096923828, 180.0
517.0, 832.4752197265625, -0.0, 389.1144714355469, 0.0006873546517454088, 180.0
518.0, 831.6715087890625, -0.0, 1000.0, 726.074951171875, 180.0
519.0, 830.917236328125, -0.0, 1000.0, 726.074951171875, 180.0
520.0, 830.2783203125, -0.0, 1000.0, 726.074951171875, 180.0
521.0, 829.748291015625, -0.0, 109.75022888183594, 0.00020202565065119416, 180.0
522.0, 829.270751953125, -0.0, 189.56861877441406, 0.00030541516025550663, 180.0
523.0, 828.78173828125, -0.0, 648.5242309570312, 0.0010221203556284308, 180.0
524.0, 828.2523803710938, -0.0, 1000.0, 726.074951171875, 180.0
525.0, 827.708984375, -0.0, 1000.0, 726.074951171875, 180.0
526.0, 827.1840209960938, -0.0, 399.09173583984375, 0.0007262900471687317, 180.0
527.0, 826.677001953125, -0.0, 329.250732421875, 0.0005449516465887427, 180.0
528.0, 826.1638793945312, -0.0, 89.79566192626953, 0.00014414862380363047, 180.0
529.0, 825.6213989257812, -0.0, 1000.0, 726.074951171875, 180.0
530.0, 825.0555419921875, -0.0, 1000.0, 726.074951171875, 180.0
531.0, 824.5398559570312, -0.0, 1000.0, 726.074951171875, 180.0
532.0, 824.2625122070312, -0.0, 1000.0, 207.25473022460938, 180.0
533.0, 824.060791015625, -0.0, 199.54588317871094, 0.0003598186303861439, 180.0
534.0, 823.76611328125, -0.0, 219.5005340576172, 0.00032933178590610623, 180.0
535.0, 823.3649291992188, -0.0, 239.45510864257812, 0.0003728686133399606, 180.0
536.0, 822.8591918945312, -0.0, 109.75025939941406, 0.00017086252046283334, 180.0
537.0, 822.2479248046875, -0.0, 538.7739868164062, 0.0008235460263676941, 180.0
538.0, 821.53125, -0.0, 39.909183502197266, 6.354325887514278e-05, 180.0
539.0, 820.7158203125, -0.0, 1000.0, 127.43624114990234, 180.0
540.0, 819.8107299804688, -0.0, 189.568603515625, 0.00031803754973225296, 180.0
541.0, 818.8255615234375, -0.0, 389.1145935058594, 0.0005644977791234851, 180.0
542.0, 817.7636108398438, -0.0, 59.86377716064453, 9.239761129720137e-05, 180.0
543.0, 816.6266479492188, -0.0, 359.18267822265625, 0.0005373346502892673, 180.0
544.0, 815.415283203125, -0.0, 0.0, -0.0, 180.0
545.0, 814.1292114257812, -0.0, 0.0, -0.0, 180.0
546.0, 812.76708984375, -0.0, 99.7729721069336, 0.00014579623530153185, 180.0
547.0, 811.3272094726562, -0.0, 149.65945434570312, 0.00021968604414723814, 180.0
548.0, 809.808837890625, -0.0, 249.43243408203125, 0.0003668963327072561, 180.0
549.0, 808.2132568359375, -0.0, 0.0, -0.0, 180.0
550.0, 806.5435791015625, -0.0, 329.2508239746094, 0.000476273795356974, 180.0
551.0, 804.8046875, -0.0, 109.7502670288086, 0.00016287552716676146, 180.0
552.0, 803.0028686523438, -0.0, 369.1600036621094, 0.0005364625249058008, 180.0
553.0, 801.1450805664062, -0.0, 89.7956771850586, 0.0001332800165982917, 180.0
554.0, 799.2377319335938, -0.0, 149.65945434570312, 0.00021624015062116086, 180.0
555.0, 797.2860717773438, -0.0, 229.47784423828125, 0.00033130208612419665, 180.0
556.0, 795.30126953125, -0.0, 1000.0, 646.2564697265625, 180.0
557.0, 793.3136596679688, -0.0, 1000.0, 416.7782897949219, 180.0
558.0, 791.3781127929688, -0.0, 1000.0, 726.074951171875, 180.0
559.0, 789.5714111328125, -0.0, 1000.0, 726.074951171875, 180.0
560.0, 787.9723510742188, -0.0, 1000.0, 726.074951171875, 180.0
561.0, 786.63818359375, -0.0, 1000.0, 97.50431060791016, 180.0
562.0, 785.596923828125, -0.0, 1000.0, 67.57237243652344, 180.0
563.0, 784.8483276367188, -0.0, 1000.0, 726.074951171875, 180.0
564.0, 784.26611328125, -0.0, 99.77294921875, 0.0001672090875217691, 180.0
565.0, 783.7348022460938, -0.0, 967.7977905273438, 0.0014645635383203626, 180.0
566.0, 783.2013549804688, -0.0, 1000.0, 606.3472290039062, 180.0
567.0, 782.6499633789062, -0.0, 588.660400390625, 0.0009709004079923034, 180.0
568.0, 782.0614624023438, -0.0, 149.65943908691406, 0.00023815706663299352, 180.0
569.0, 781.4063110351562, -0.0, 219.5005340576172, 0.0003286859719082713, 180.0
570.0, 780.6553344726562, -0.0, 49.8864860534668, 7.403861673083156e-05, 180.0
571.0, 779.7877807617188, -0.0, 0.0, -0.0, 180.0
572.0, 778.7924194335938, -0.0, 0.0, -0.0, 180.0
573.0, 777.6663208007812, -0.0, 0.0, -0.0, 180.0
574.0, 776.4110107421875, -0.0, 159.6367645263672, 0.00022600246302317828, 180.0
575.0, 775.039306640625, -0.0, 1000.0, 177.3227996826172, 180.0
576.0, 773.5679931640625, -0.0, 209.52322387695312, 0.0003307152073830366, 180.0
577.0, 772.01611328125, -0.0, 468.9330139160156, 0.000658544129692018, 180.0
578.0, 770.3992309570312, -0.0, 79.81837463378906, 0.00011798583000199869, 180.0
579.0, 768.7293701171875, -0.0, 269.38702392578125, 0.000383927661459893, 180.0
580.0, 767.0150756835938, -0.0, 219.50054931640625, 0.0003160700434818864, 180.0
581.0, 765.2627563476562, -0.0, 339.2281188964844, 0.0004856352461501956, 180.0
582.0, 763.4771728515625, -0.0, 39.9091911315918, 5.767233233200386e-05, 180.0
583.0, 761.6658935546875, -0.0, 987.7525024414062, 0.0013858723687008023, 180.0
584.0, 759.8463134765625, -0.0, 878.0020751953125, 0.001351227518171072, 180.0
585.0, 758.0460815429688, -0.0, 738.3199462890625, 0.0011486363364383578, 180.0
586.0, 756.2831420898438, -0.0, 299.31890869140625, 0.0004569542361423373, 180.0
587.0, 754.561279296875, -0.0, 149.6594696044922, 0.00021073028619866818, 180.0
588.0, 752.8701171875, -0.0, 339.2281188964844, 0.000477839435916394, 180.0
589.0, 751.1944580078125, -0.0, 199.54595947265625, 0.0002852830511983484, 180.0
590.0, 749.5223999023438, -0.0, 937.865966796875, 0.0013225015718489885, 180.0
591.0, 747.8585815429688, -0.0, 1000.0, 726.074951171875, 180.0
592.0, 746.2387084960938, -0.0, 1000.0, 726.074951171875, 180.0
593.0, 744.6926879882812, -0.0, 339.2280578613281, 0.0005519126425497234, 180.0
594.0, 743.2199096679688, -0.0, 59.86378479003906, 8.628172508906573e-05, 180.0
595.0, 741.7980346679688, -0.0, 229.47784423828125, 0.00032263968023471534, 180.0
596.0, 740.4032592773438, -0.0, 1000.0, 376.8690490722656, 180.0
597.0, 739.0202026367188, -0.0, 488.88751220703125, 0.0007608446176163852, 180.0
598.0, 737.647216796875, -0.0, 1000.0, 227.20936584472656, 180.0
599.0, 736.3048706054688, -0.0, 1000.0, 726.074951171875, 180.0
600.0, 735.017578125, -0.0, 419.0464172363281, 0.0006678721401840448, 180.0
601.0, 733.7899169921875, -0.0, 49.8864860534668, 7.450432167388499e-05, 180.0
602.0, 732.6064453125, -0.0, 79.8183822631836, 0.0001127461509895511, 180.0
603.0, 731.4421997070312, -0.0, 79.8183822631836, 0.00011136131070088595, 180.0
604.0, 730.2711181640625, -0.0, 329.2508239746094, 0.0004573139303829521, 180.0
605.0, 729.0763549804688, -0.0, 1000.0, 117.45893096923828, 180.0
606.0, 727.8632202148438, -0.0, 1000.0, 356.9144287109375, 180.0
607.0, 726.669677734375, -0.0, 1000.0, 227.20936584472656, 180.0
608.0, 725.5610961914062, -0.0, 1000.0, 616.3245239257812, 180.0
609.0, 724.5610961914062, -0.0, 399.0918273925781, 0.0006406892207451165, 180.0
610.0, 723.6422119140625, -0.0, 329.2508239746094, 0.0004754714318551123, 180.0
611.0, 722.7666625976562, -0.0, 967.7978515625, 0.0013963066739961505, 180.0
612.0, 721.9172973632812, -0.0, 1000.0, 726.074951171875, 180.0
613.0, 721.1211547851562, -0.0, 1000.0, 726.074951171875, 180.0
614.0, 720.4603881835938, -0.0, 1000.0, 247.1639862060547, 180.0
615.0, 720.0236206054688, -0.0, 878.0020141601562, 0.0014187789056450129, 180.0
616.0, 720.028076171875, -0.0, 1000.0, 726.074951171875, 180.0
617.0, 721.2705688476562, -0.0, 1000.0, 726.074951171875, 180.0
618.0, 722.61865234375, -0.0, 1000.0, 726.074951171875, 180.0
619.0, 724.6038818359375, -0.0, 688.433349609375, 0.0011555147357285023, 180.0
620.0, 726.7797241210938, -0.0, 1000.0, 217.23204040527344, 180.0
621.0, 728.38330078125, -0.0, 429.0237121582031, 0.0006996660376898944, 180.0
622.0, 729.2783203125, -0.0, 1000.0, 167.34548950195312, 180.0
623.0, 729.1879272460938, -0.0, 379.1372375488281, 0.0006056661368347704, 180.0
624.0, 727.8994750976562, -0.0, 239.45513916015625, 0.0003423252492211759, 180.0
625.0, 725.35302734375, -0.0, 69.84107971191406, 0.00010102614760398865, 180.0
626.0, 722.1133422851562, -0.0, 99.77297973632812, 0.00014104627189226449, 180.0
627.0, 719.7604370117188, -0.0, 89.7956771850586, 0.00012623975635506213, 180.0
628.0, 719.1780395507812, -0.0, 1000.0, 726.074951171875, 180.0
629.0, 718.4904174804688, -0.0, 1000.0, 726.074951171875, 180.0
630.0, 717.7783813476562, -0.0, 359.1826477050781, 0.0005865900311619043, 180.0
631.0, 717.1204223632812, -0.0, 1000.0, 726.074951171875, 180.0
632.0, 716.67724609375, -0.0, 1000.0, 307.0278625488281, 180.0
633.0, 716.5965576171875, -0.0, 628.5696411132812, 0.0010250647319480777, 180.0
634.0, 716.5733032226562, -0.0, 169.61404418945312, 0.0002545748429838568, 180.0
635.0, 716.0575561523438, -0.0, 698.4108276367188, 0.0010088139679282904, 180.0
636.0, 715.7508544921875, -0.0, 319.27349853515625, 0.0004820424073841423, 180.0
637.0, 715.3641967773438, -0.0, 1000.0, 346.9371032714844, 180.0
638.0, 714.9220581054688, -0.0, 419.04644775390625, 0.0006612701108679175, 180.0
639.0, 714.4398193359375, -0.0, 1000.0, 97.50430297851562, 180.0
640.0, 713.9462890625, -0.0, 1000.0, 726.074951171875, 180.0
641.0, 713.5413208007812, -0.0, 1000.0, 726.074951171875, 180.0
642.0, 713.6629028320312, -0.0, 708.3880004882812, 0.0011660376330837607, 180.0
643.0, 714.1759033203125, -0.0, 439.00103759765625, 0.0006874579703435302, 180.0
644.0, 714.3341064453125, -0.0, 648.5242919921875, 0.000972336158156395, 180.0
645.0, 714.622314453125, -0.0, 1000.0, 57.59505844116211, 180.0
646.0, 715.1115112304688, -0.0, 1000.0, 726.074951171875, 180.0
647.0, 715.8237915039062, -0.0, 708.3880004882812, 0.0011210778029635549, 180.0
648.0, 716.900146484375, -0.0, 1000.0, 506.5740966796875, 180.0
649.0, 717.5311279296875, -0.0, 159.63673400878906, 0.0002597514248918742, 180.0
650.0, 716.9844970703125, -0.0, 169.61407470703125, 0.0002333247975911945, 180.0
651.0, 715.7654418945312, -0.0, 1000.0, 726.074951171875, 180.0
652.0, 714.9512329101562, -0.0, 1000.0, 726.074951171875, 180.0
653.0, 715.3081665039062, -0.0, 1000.0, 726.074951171875, 180.0
654.0, 717.070556640625, -0.0, 1000.0, 726.074951171875, 180.0
655.0, 720.1091918945312, -0.0, 1000.0, 696.1430053710938, 180.0
656.0, 724.1116943359375, -0.0, 1000.0, 496.5967712402344, 180.0
657.0, 728.0371704101562, -0.0, 69.841064453125, 0.00011817496124422178, 180.0
658.0, 731.4924926757812, -0.0, 1000.0, 726.074951171875, 180.0
659.0, 734.80224609375, -0.0, 1000.0, 726.074951171875, 180.0
660.0, 738.4150390625, -0.0, 1000.0, 726.074951171875, 180.0
661.0, 742.021728515625, -0.0, 369.159912109375, 0.0006328496383503079, 180.0
662.0, 744.8007202148438, -0.0, 149.65943908691406, 0.00023209319624584168, 180.0
663.0, 746.7330932617188, -0.0, 1000.0, 366.8917236328125, 180.0
664.0, 748.4927978515625, -0.0, 1000.0, 726.074951171875, 180.0
665.0, 750.7453002929688, -0.0, 1000.0, 726.074951171875, 180.0
666.0, 753.7008666992188, -0.0, 1000.0, 157.36817932128906, 180.0
667.0, 756.3084106445312, -0.0, 269.386962890625, 0.00045438084634952247, 180.0
668.0, 758.1497802734375, -0.0, 1000.0, 167.34548950195312, 180.0
669.0, 759.4432983398438, -0.0, 1000.0, 726.074951171875, 180.0
670.0, 760.8430786132812, -0.0, 1000.0, 726.074951171875, 180.0
671.0, 762.591064453125, -0.0, 658.50146484375, 0.0011232279939576983, 180.0
672.0, 764.8502197265625, -0.0, 1000.0, 726.074951171875, 180.0
673.0, 767.813232421875, -0.0, 1000.0, 726.074951171875, 180.0
674.0, 771.5695190429688, -0.0, 1000.0, 726.074951171875, 180.0
675.0, 776.0759887695312, -0.0, 1000.0, 726.074951171875, 180.0
676.0, 781.2012329101562, -0.0, 1000.0, 726.074951171875, 180.0
677.0, 786.7901611328125, -0.0, 1000.0, 726.074951171875, 180.0
678.0, 792.707763671875, -0.0, 1000.0, 726.074951171875, 180.0
679.0, 798.8531494140625, -0.0, 1000.0, 726.074951171875, 180.0
680.0, 805.145263671875, -0.0, 1000.0, 726.074951171875, 180.0
681.0, 811.3707275390625, -0.0, 987.7520751953125, 0.0017863555112853646, 180.0
682.0, 817.0610961914062, -0.0, 1000.0, 257.14129638671875, 180.0
683.0, 822.1953125, -0.0, 1000.0, 726.074951171875, 180.0
684.0, 827.1093139648438, -0.0, 1000.0, 726.074951171875, 180.0
685.0, 832.102294921875, -0.0, 1000.0, 566.43798828125, 180.0
686.0, 837.2489013671875, -0.0, 1000.0, 376.8690490722656, 180.0
687.0, 842.5558471679688, -0.0, 1000.0, 726.074951171875, 180.0
688.0, 848.0323486328125, -0.0, 1000.0, 726.074951171875, 180.0
689.0, 853.465576171875, -0.0, 907.9337158203125, 0.0016727809561416507, 180.0
690.0, 858.2890625, -0.0, 518.8192749023438, 0.0009177238680422306, 180.0
691.0, 861.6795654296875, -0.0, 69.841064453125, 0.00011588534835027531, 180.0
692.0, 863.3195190429688, -0.0, 458.95562744140625, 0.0007078947965055704, 180.0
693.0, 863.8920288085938, -0.0, 1000.0, 516.5513916015625, 180.0
694.0, 864.3909301757812, -0.0, 1000.0, 506.5740966796875, 180.0
695.0, 865.5322265625, -0.0, 1000.0, 726.074951171875, 180.0
696.0, 867.6123657226562, -0.0, 1000.0, 726.074951171875, 180.0
697.0, 870.6182861328125, -0.0, 1000.0, 726.074951171875, 180.0
698.0, 874.3881225585938, -0.0, 1000.0, 726.074951171875, 180.0
699.0, 878.726318359375, -0.0, 1000.0, 726.074951171875, 180.0
700.0, 883.462890625, -0.0, 1000.0, 726.074951171875, 180.0
701.0, 888.4668579101562, -0.0, 1000.0, 726.074951171875, 180.0
702.0, 893.568115234375, -0.0, 1000.0, 366.8917236328125, 180.0
703.0, 898.3648681640625, -0.0, 758.2742919921875, 0.0013966007390990853, 180.0
704.0, 902.2190551757812, -0.0, 439.0009460449219, 0.0007663596188649535, 180.0
705.0, 904.8078002929688, -0.0, 658.5015258789062, 0.0010852047707885504, 180.0
706.0, 906.5744018554688, -0.0, 1000.0, 726.074951171875, 180.0
707.0, 907.9825439453125, -0.0, 828.1154174804688, 0.0014844512334093451, 180.0
708.0, 909.477294921875, -0.0, 1000.0, 726.074951171875, 180.0
709.0, 911.4022827148438, -0.0, 1000.0, 726.074951171875, 180.0
710.0, 913.9384765625, -0.0, 1000.0, 726.074951171875, 180.0
711.0, 917.0774536132812, -0.0, 1000.0, 726.074951171875, 180.0
712.0, 920.72998046875, -0.0, 1000.0, 726.074951171875, 180.0
713.0, 924.7725219726562, -0.0, 1000.0, 726.074951171875, 180.0
714.0, 929.0939331054688, -0.0, 1000.0, 726.074951171875, 180.0
715.0, 933.555419921875, -0.0, 1000.0, 486.6194763183594, 180.0
716.0, 938.0781860351562, -0.0, 1000.0, 726.074951171875, 180.0
717.0, 942.6388549804688, -0.0, 1000.0, 726.074951171875, 180.0
718.0, 947.2523193359375, -0.0, 1000.0, 726.074951171875, 180.0
719.0, 951.9124145507812, -0.0, 1000.0, 726.074951171875, 180.0
720.0, 956.6318359375, -0.0, 1000.0, 726.074951171875, 180.0
721.0, 961.3953247070312, -0.0, 1000.0, 726.074951171875, 180.0
722.0, 966.1900634765625, -0.0, 1000.0, 726.074951171875, 180.0
723.0, 971.0053100585938, -0.0, 1000.0, 726.074951171875, 180.0
724.0, 975.8326416015625, -0.0, 1000.0, 726.074951171875, 180.0
725.0, 980.6656494140625, -0.0, 1000.0, 726.074951171875, 180.0
726.0, 985.4998168945312, -0.0, 1000.0, 726.074951171875, 180.0
727.0, 990.32763671875, -0.0, 1000.0, 726.074951171875, 180.0
728.0, 994.91552734375, -0.0, 897.956298828125, 0.00177397346124053, 180.0
729.0, 999.1880493164062, -0.0, 1000.0, 726.074951171875, 180.0
730.0, 1003.257080078125, -0.0, 1000.0, 726.074951171875, 180.0
731.0, 1006.9185791015625, -0.0, 688.4331665039062, 0.0013563769171014428, 180.0
732.0, 1010.1641235351562, -0.0, 1000.0, 726.074951171875, 180.0
733.0, 1013.2321166992188, -0.0, 1000.0, 726.074951171875, 180.0
734.0, 1016.3430786132812, -0.0, 1000.0, 496.5967712402344, 180.0
735.0, 1018.9351806640625, -0.0, 259.40960693359375, 0.0005073450156487525, 180.0
736.0, 1020.1007080078125, -0.0, 29.931884765625, 5.1392144087003544e-05, 180.0
737.0, 1019.3204345703125, -0.0, 179.59132385253906, 0.0002895569195970893, 180.0
738.0, 1017.1936645507812, -0.0, 1000.0, 77.5496826171875, 180.0
739.0, 1014.8765869140625, -0.0, 1000.0, 726.074951171875, 180.0
740.0, 1013.3092651367188, -0.0, 1000.0, 726.074951171875, 180.0
741.0, 1012.8848876953125, -0.0, 1000.0, 726.074951171875, 180.0
742.0, 1013.6060791015625, -0.0, 1000.0, 726.074951171875, 180.0
743.0, 1015.2716064453125, -0.0, 1000.0, 726.074951171875, 180.0
744.0, 1017.6400146484375, -0.0, 1000.0, 726.074951171875, 180.0
745.0, 1020.4724731445312, -0.0, 1000.0, 596.369873046875, 180.0
746.0, 1023.5159912109375, -0.0, 1000.0, 346.9371032714844, 180.0
747.0, 1026.4891357421875, -0.0, 1000.0, 57.59505844116211, 180.0
748.0, 1029.31884765625, -0.0, 1000.0, 726.074951171875, 180.0
749.0, 1032.0960693359375, -0.0, 1000.0, 726.074951171875, 180.0
750.0, 1034.9461669921875, -0.0, 1000.0, 726.074951171875, 180.0
751.0, 1037.9296875, -0.0, 1000.0, 726.074951171875, 180.0
752.0, 1041.066162109375, -0.0, 1000.0, 726.074951171875, 180.0
753.0, 1044.3387451171875, -0.0, 1000.0, 726.074951171875, 180.0
754.0, 1047.7197265625, -0.0, 1000.0, 726.074951171875, 180.0
755.0, 1050.74560546875, -0.0, 578.6829223632812, 0.0011541185667738318, 180.0
756.0, 1053.1807861328125, -0.0, 1000.0, 356.9144287109375, 180.0
757.0, 1055.140625, -0.0, 1000.0, 287.0732421875, 180.0
758.0, 1056.9208984375, -0.0, 1000.0, 726.074951171875, 180.0
759.0, 1058.8023681640625, -0.0, 1000.0, 726.074951171875, 180.0
760.0, 1060.9466552734375, -0.0, 1000.0, 726.074951171875, 180.0
761.0, 1063.3828125, -0.0, 1000.0, 726.074951171875, 180.0
762.0, 1066.0845947265625, -0.0, 1000.0, 726.074951171875, 180.0
763.0, 1068.995361328125, -0.0, 1000.0, 726.074951171875, 180.0
764.0, 1071.29052734375, -0.0, 79.8183364868164, 0.00016051721468102187, 180.0
765.0, 1072.6707763671875, -0.0, 1000.0, 486.6194763183594, 180.0
766.0, 1073.545654296875, -0.0, 1000.0, 726.074951171875, 180.0
767.0, 1074.4730224609375, -0.0, 1000.0, 726.074951171875, 180.0
768.0, 1075.661865234375, -0.0, 1000.0, 167.34548950195312, 180.0
769.0, 1077.1658935546875, -0.0, 1000.0, 726.074951171875, 180.0
770.0, 1078.9884033203125, -0.0, 1000.0, 726.074951171875, 180.0
771.0, 1081.1240234375, -0.0, 1000.0, 726.074951171875, 180.0
772.0, 1083.5361328125, -0.0, 1000.0, 726.074951171875, 180.0
773.0, 1086.108154296875, -0.0, 1000.0, 426.7555847167969, 180.0
774.0, 1088.5269775390625, -0.0, 897.956298828125, 0.0017886883579194546, 180.0
775.0, 1090.1494140625, -0.0, 409.0690002441406, 0.0007814163691364229, 180.0
776.0, 1090.8643798828125, -0.0, 1000.0, 336.95977783203125, 180.0
777.0, 1091.061767578125, -0.0, 1000.0, 406.80096435546875, 180.0
778.0, 1090.8009033203125, -0.0, 568.7056884765625, 0.001095074345357716, 180.0
779.0, 1089.727783203125, -0.0, 369.1598815917969, 0.0006573692080564797, 180.0
780.0, 1087.493896484375, -0.0, 349.205322265625, 0.0005922378622926772, 180.0
781.0, 1084.276611328125, -0.0, 768.251708984375, 0.0012761871330440044, 180.0
782.0, 1080.205810546875, -0.0, 269.386962890625, 0.0004676698590628803, 180.0
783.0, 1075.9036865234375, -0.0, 1000.0, 726.074951171875, 180.0
784.0, 1071.432861328125, -0.0, 89.79563903808594, 0.0001641757698962465, 180.0
785.0, 1066.5001220703125, -0.0, 309.2961730957031, 0.0004967853892594576, 180.0
786.0, 1061.514404296875, -0.0, 1000.0, 726.074951171875, 180.0
787.0, 1057.2506103515625, -0.0, 1000.0, 726.074951171875, 180.0
788.0, 1054.027587890625, -0.0, 947.8428955078125, 0.0017561379354447126, 180.0
789.0, 1051.1671142578125, -0.0, 149.65940856933594, 0.0002692693960852921, 180.0
790.0, 1048.388671875, -0.0, 1000.0, 596.369873046875, 180.0
791.0, 1045.9969482421875, -0.0, 1000.0, 726.074951171875, 180.0
792.0, 1044.08984375, -0.0, 838.0926513671875, 0.0015439988346770406, 180.0
793.0, 1042.0218505859375, -0.0, 149.65940856933594, 0.0002634684497024864, 180.0
794.0, 1038.9451904296875, -0.0, 99.77295684814453, 0.000158231909153983, 180.0
795.0, 1034.693359375, -0.0, 578.6832275390625, 0.0008869971497915685, 180.0
796.0, 1029.4111328125, -0.0, 259.4096984863281, 0.0004150350287090987, 180.0
797.0, 1023.4121704101562, -0.0, 478.91021728515625, 0.000738498754799366, 180.0
798.0, 1017.0045776367188, -0.0, 458.95562744140625, 0.0007182959816418588, 180.0
799.0, 1010.818115234375, -0.0, 1000.0, 237.18667602539062, 180.0
800.0, 1004.7755126953125, -0.0, 9.977294921875, 1.674941086093895e-05, 180.0
801.0, 998.4536743164062, -0.0, 209.5232391357422, 0.0003124292124994099, 180.0
802.0, 991.921875, -0.0, 768.2518920898438, 0.0011404241668060422, 180.0
803.0, 985.2313842773438, -0.0, 229.47781372070312, 0.0003613922744989395, 180.0
804.0, 978.1126708984375, -0.0, 0.0, -0.0, 180.0
805.0, 970.2667236328125, -0.0, 0.0, -0.0, 180.0
806.0, 962.2724609375, -0.0, 1000.0, 227.20936584472656, 180.0
807.0, 955.1825561523438, -0.0, 1000.0, 726.074951171875, 180.0
808.0, 949.756591796875, -0.0, 1000.0, 726.074951171875, 180.0
809.0, 946.2019653320312, -0.0, 1000.0, 726.074951171875, 180.0
810.0, 944.1580200195312, -0.0, 957.8203125, 0.0016401499742642045, 180.0
811.0, 942.9166259765625, -0.0, 1000.0, 137.41355895996094, 180.0
812.0, 941.4061889648438, -0.0, 89.79566192626953, 0.0001441517670173198, 180.0
813.0, 938.84619140625, -0.0, 289.34161376953125, 0.0004247658944223076, 180.0
814.0, 935.0760498046875, -0.0, 419.0464782714844, 0.0006135545554570854, 180.0
815.0, 930.1446533203125, -0.0, 139.68215942382812, 0.0002059561520582065, 180.0
816.0, 924.1332397460938, -0.0, 109.75027465820312, 0.00015617003373336047, 180.0
817.0, 917.712158203125, -0.0, 967.7979125976562, 0.0013559177750721574, 180.0
818.0, 911.6340942382812, -0.0, 1000.0, 117.45893096923828, 180.0
819.0, 906.4903564453125, -0.0, 1000.0, 237.18667602539062, 180.0
820.0, 901.739013671875, -0.0, 349.2053527832031, 0.0005557314725592732, 180.0
821.0, 896.680908203125, -0.0, 259.4097595214844, 0.00035691112861968577, 180.0
822.0, 891.2971801757812, -0.0, 688.4335327148438, 0.0009720615926198661, 180.0
823.0, 886.3033447265625, -0.0, 1000.0, 726.074951171875, 180.0
824.0, 882.4713134765625, -0.0, 1000.0, 726.074951171875, 180.0
825.0, 879.6328735351562, -0.0, 389.1145324707031, 0.0006346495356410742, 180.0
826.0, 877.31689453125, -0.0, 788.2064819335938, 0.0011697085574269295, 180.0
827.0, 874.9739990234375, -0.0, 409.06915283203125, 0.0006219870992936194, 180.0
828.0, 872.01611328125, -0.0, 159.6367645263672, 0.00023219086870085448, 180.0
829.0, 868.0731201171875, -0.0, 189.56866455078125, 0.0002647092333063483, 180.0
830.0, 863.2651977539062, -0.0, 488.8876037597656, 0.0006753642810508609, 180.0
831.0, 857.875, -0.0, 339.2281188964844, 0.0004806908837053925, 180.0
832.0, 852.4902954101562, -0.0, 927.8887329101562, 0.0012951017124578357, 180.0
833.0, 847.5704956054688, -0.0, 907.9340209960938, 0.0013476908206939697, 180.0
834.0, 843.6027221679688, -0.0, 1000.0, 726.074951171875, 180.0
835.0, 840.974365234375, -0.0, 1000.0, 726.074951171875, 180.0
836.0, 839.701416015625, -0.0, 1000.0, 257.14129638671875, 180.0
837.0, 839.0073852539062, -0.0, 628.5696411132812, 0.0009924540063366294, 180.0
838.0, 837.9804077148438, -0.0, 359.1827087402344, 0.0005141330766491592, 180.0
839.0, 836.5780029296875, -0.0, 1000.0, 366.8917236328125, 180.0
840.0, 834.5923461914062, -0.0, 19.954593658447266, 3.057177673326805e-05, 180.0
841.0, 831.6694946289062, -0.0, 159.6367645263672, 0.00021901860600337386, 180.0
842.0, 828.32373046875, -0.0, 1000.0, 726.074951171875, 180.0
843.0, 825.5039672851562, -0.0, 1000.0, 726.074951171875, 180.0
844.0, 823.7327270507812, -0.0, 1000.0, 7.708498477935791, 180.0
845.0, 822.9135131835938, -0.0, 1000.0, 506.5740966796875, 180.0
846.0, 822.9483032226562, -0.0, 1000.0, 726.074951171875, 180.0
847.0, 823.8214721679688, -0.0, 1000.0, 566.43798828125, 180.0
848.0, 824.8885498046875, -0.0, 269.3869934082031, 0.0004320086445659399, 180.0
849.0, 825.6395874023438, -0.0, 838.093017578125, 0.0012067960342392325, 180.0
850.0, 825.8984375, -0.0, 718.3653564453125, 0.0010763597674667835, 180.0
851.0, 825.9025268554688, -0.0, 1000.0, 207.25473022460938, 180.0
852.0, 825.3621826171875, -0.0, 508.8421325683594, 0.0007837502635084093, 180.0
853.0, 824.3558959960938, -0.0, 1000.0, 57.59505844116211, 180.0
854.0, 822.7442016601562, -0.0, 558.7286376953125, 0.000842983485199511, 180.0
855.0, 820.4168701171875, -0.0, 429.0238342285156, 0.0005904265563003719, 180.0
856.0, 817.5645141601562, -0.0, 578.6832885742188, 0.0008119193953461945, 180.0
857.0, 814.1893920898438, -0.0, 159.6367645263672, 0.00022713055659551173, 180.0
858.0, 810.4484252929688, -0.0, 608.6151733398438, 0.0008264576899819076, 180.0
859.0, 806.572509765625, -0.0, 518.8194580078125, 0.0007305327453650534, 180.0
860.0, 802.4337768554688, -0.0, 79.8183822631836, 0.00011173936945851892, 180.0
861.0, 798.00146484375, -0.0, 488.88763427734375, 0.0006504268967546523, 180.0
862.0, 793.899658203125, -0.0, 1000.0, 726.074951171875, 180.0
863.0, 790.8265991210938, -0.0, 1000.0, 317.0051574707031, 180.0
864.0, 788.9706420898438, -0.0, 1000.0, 726.074951171875, 180.0
865.0, 788.0718383789062, -0.0, 788.2064819335938, 0.0011716054286807775, 180.0
866.0, 788.0263061523438, -0.0, 1000.0, 726.074951171875, 180.0
867.0, 788.8857421875, -0.0, 1000.0, 726.074951171875, 180.0
868.0, 790.3695068359375, -0.0, 768.2518310546875, 0.0012077261926606297, 180.0
869.0, 791.7064819335938, -0.0, 289.34161376953125, 0.00043286403524689376, 180.0
870.0, 792.1553955078125, -0.0, 319.2735290527344, 0.0004459984484128654, 180.0
871.0, 791.30517578125, -0.0, 209.52325439453125, 0.00028810283401980996, 180.0
872.0, 789.1990356445312, -0.0, 389.1146240234375, 0.0005238503217697144, 180.0
873.0, 786.1882934570312, -0.0, 458.9557189941406, 0.0006240974762476981, 180.0
874.0, 782.4239501953125, -0.0, 89.79568481445312, 0.00012280746886972338, 180.0
875.0, 777.8994750976562, -0.0, 99.77298736572266, 0.0001309489452978596, 180.0
876.0, 772.7565307617188, -0.0, 309.2962646484375, 0.0004014246806036681, 180.0
877.0, 767.837158203125, -0.0, 1000.0, 726.074951171875, 180.0
878.0, 764.0992431640625, -0.0, 1000.0, 616.3245239257812, 180.0
879.0, 761.76416015625, -0.0, 748.2972412109375, 0.0011223708279430866, 180.0
880.0, 760.7109985351562, -0.0, 1000.0, 376.8690490722656, 180.0
881.0, 760.6384887695312, -0.0, 1000.0, 117.45893096923828, 180.0
882.0, 760.5894775390625, -0.0, 389.1145935058594, 0.0005714230937883258, 180.0
883.0, 760.338134765625, -0.0, 1000.0, 726.074951171875, 180.0
884.0, 760.391845703125, -0.0, 1000.0, 726.074951171875, 180.0
885.0, 761.2504272460938, -0.0, 1000.0, 726.074951171875, 180.0
886.0, 762.4234619140625, -0.0, 109.75025939941406, 0.00016983065870590508, 180.0
887.0, 762.9934692382812, -0.0, 189.56866455078125, 0.0002589237701613456, 180.0
888.0, 762.6467895507812, -0.0, 648.5244140625, 0.0008671793038956821, 180.0
889.0, 761.9706420898438, -0.0, 1000.0, 726.074951171875, 180.0
890.0, 761.797607421875, -0.0, 1000.0, 726.074951171875, 180.0
891.0, 762.1142578125, -0.0, 399.09185791015625, 0.0006115306168794632, 180.0
892.0, 762.3143310546875, -0.0, 329.2508239746094, 0.00046182540245354176, 180.0
893.0, 761.689208984375, -0.0, 89.79568481445312, 0.00012234918540343642, 180.0
894.0, 760.53564453125, -0.0, 1000.0, 726.074951171875, 180.0
895.0, 759.719482421875, -0.0, 1000.0, 726.074951171875, 180.0
896.0, 759.9148559570312, -0.0, 1000.0, 726.074951171875, 180.0
897.0, 761.2487182617188, -0.0, 1000.0, 207.25473022460938, 180.0
898.0, 762.5513916015625, -0.0, 199.54592895507812, 0.0003040084266103804, 180.0
899.0, 762.7533569335938, -0.0, 219.50057983398438, 0.00028207042487338185, 180.0
900.0, 761.545654296875, -0.0, 239.45516967773438, 0.0003179603081662208, 180.0
901.0, 759.0199584960938, -0.0, 109.75028228759766, 0.00014543705037795007, 180.0
902.0, 755.6637573242188, -0.0, 538.774169921875, 0.0007007492240518332, 180.0
903.0, 751.7324829101562, -0.0, 39.90919494628906, 5.389261423260905e-05, 180.0
904.0, 747.8444213867188, -0.0, 1000.0, 127.43624114990234, 180.0
905.0, 743.8319091796875, -0.0, 189.56866455078125, 0.0002684802748262882, 180.0
906.0, 739.5256958007812, -0.0, 389.11468505859375, 0.00048076416715048254, 180.0
907.0, 734.8468627929688, -0.0, 59.863792419433594, 7.836700387997553e-05, 180.0
908.0, 729.923828125, -0.0, 359.1827697753906, 0.00045630199019797146, 180.0
909.0, 724.7679443359375, -0.0, 0.0, -0.0, 180.0
910.0, 719.831787109375, -0.0, 0.0, -0.0, 180.0
911.0, 715.843994140625, -0.0, 99.77299499511719, 0.0001236308307852596, 180.0
912.0, 713.5982055664062, -0.0, 149.65948486328125, 0.00018606607045512646, 180.0
913.0, 712.9732055664062, -0.0, 249.43247985839844, 0.00031079116160981357, 180.0
914.0, 712.1625366210938, -0.0, 0.0, -0.0, 180.0
915.0, 711.2003173828125, -0.0, 329.2508850097656, 0.0004030920099467039, 180.0
916.0, 710.1090087890625, -0.0, 109.75028991699219, 0.00013773221871815622, 180.0
917.0, 708.9085693359375, -0.0, 369.16009521484375, 0.0004544325638562441, 180.0
918.0, 707.6163940429688, -0.0, 89.79569244384766, 0.00011276271834503859, 180.0
919.0, 706.2469482421875, -0.0, 149.6595001220703, 0.00018317381909582764, 180.0
920.0, 704.8114013671875, -0.0, 229.47789001464844, 0.00028045507497154176, 180.0
921.0, 703.3262939453125, -0.0, 1000.0, 646.2564697265625, 180.0
922.0, 701.8323974609375, -0.0, 1000.0, 416.7782897949219, 180.0
923.0, 700.4043579101562, -0.0, 1000.0, 726.074951171875, 180.0
924.0, 699.1597900390625, -0.0, 1000.0, 726.074951171875, 180.0
925.0, 698.2647705078125, -0.0, 1000.0, 726.074951171875, 180.0
926.0, 698.172607421875, -0.0, 1000.0, 97.50430297851562, 180.0
927.0, 699.6857299804688, -0.0, 1000.0, 67.57237243652344, 180.0
928.0, 701.4014892578125, -0.0, 1000.0, 726.074951171875, 180.0
929.0, 703.0926513671875, -0.0, 99.77297973632812, 0.0001420646149199456, 180.0
930.0, 704.2399291992188, -0.0, 967.7979736328125, 0.0012499234871938825, 180.0
931.0, 705.0158081054688, -0.0, 1000.0, 606.3472290039062, 180.0
932.0, 705.5531616210938, -0.0, 588.6605834960938, 0.0008241290342994034, 180.0
933.0, 705.5213012695312, -0.0, 149.6594696044922, 0.00020250123634468764, 180.0
934.0, 704.5317993164062, -0.0, 219.50057983398438, 0.0002806600241456181, 180.0
935.0, 702.3387451171875, -0.0, 49.886497497558594, 6.321195542113855e-05, 180.0
936.0, 698.887451171875, -0.0, 0.0, -0.0, 180.0
937.0, 697.3065185546875, -0.0, 0.0, -0.0, 180.0
938.0, 696.41845703125, -0.0, 0.0, -0.0, 180.0
939.0, 695.3682861328125, -0.0, 159.6367950439453, 0.00019264982256572694, 180.0
940.0, 694.1974487304688, -0.0, 1000.0, 177.3227996826172, 180.0
941.0, 692.9358520507812, -0.0, 209.5232696533203, 0.0002797351044137031, 180.0
942.0, 691.6089477539062, -0.0, 468.93310546875, 0.0005621733726002276, 180.0
943.0, 690.2356567382812, -0.0, 79.81839752197266, 0.00010038588516181335, 180.0
944.0, 688.8287963867188, -0.0, 269.3870849609375, 0.00032753185951150954, 180.0
945.0, 687.3956909179688, -0.0, 219.50059509277344, 0.00026941249961964786, 180.0
946.0, 685.9407348632812, -0.0, 339.2281799316406, 0.0004140452074352652, 180.0
947.0, 684.4659423828125, -0.0, 39.90919876098633, 4.913227530778386e-05, 180.0
948.0, 682.9761962890625, -0.0, 987.752685546875, 0.0011828176211565733, 180.0
949.0, 681.4887084960938, -0.0, 878.0023193359375, 0.0011454276973381639, 180.0
950.0, 680.0344848632812, -0.0, 738.3201293945312, 0.0009747948497533798, 180.0
951.0, 678.6318359375, -0.0, 299.3189697265625, 0.00038905037217773497, 180.0
952.0, 677.2799682617188, -0.0, 149.6595001220703, 0.00018062662275042385, 180.0
953.0, 675.9638061523438, -0.0, 339.2281799316406, 0.0004087589040864259, 180.0
954.0, 674.6637573242188, -0.0, 199.54598999023438, 0.00024351818137802184, 180.0
955.0, 673.3655395507812, -0.0, 937.8662109375, 0.0011294441064819694, 180.0
956.0, 672.0745239257812, -0.0, 1000.0, 726.074951171875, 180.0
957.0, 670.8364868164062, -0.0, 1000.0, 726.074951171875, 180.0
958.0, 669.6980590820312, -0.0, 339.2281494140625, 0.00046850592480041087, 180.0
959.0, 668.6566162109375, -0.0, 59.86379623413086, 7.600119715789333e-05, 180.0
960.0, 667.6776123046875, -0.0, 229.47789001464844, 0.0002779400092549622, 180.0
961.0, 666.7261962890625, -0.0, 1000.0, 376.8690490722656, 180.0
962.0, 665.7816162109375, -0.0, 488.88763427734375, 0.0006473688408732414, 180.0
963.0, 664.8442993164062, -0.0, 1000.0, 227.20936584472656, 180.0
964.0, 663.9434814453125, -0.0, 1000.0, 726.074951171875, 180.0
965.0, 663.1109619140625, -0.0, 419.0465393066406, 0.000569006719160825, 180.0
966.0, 662.3424682617188, -0.0, 49.886497497558594, 6.372368079610169e-05, 180.0
967.0, 661.6099853515625, -0.0, 79.81839752197266, 9.678288188297302e-05, 180.0
968.0, 660.8796997070312, -0.0, 79.81839752197266, 9.558298188494518e-05, 180.0
969.0, 660.1214599609375, -0.0, 329.2508850097656, 0.00039205423672683537, 180.0
970.0, 659.3179931640625, -0.0, 1000.0, 117.45893096923828, 180.0
971.0, 658.4796142578125, -0.0, 1000.0, 356.9144287109375, 180.0
972.0, 657.6595458984375, -0.0, 1000.0, 227.20936584472656, 180.0
973.0, 656.9647216796875, -0.0, 1000.0, 616.3245239257812, 180.0
974.0, 656.4708862304688, -0.0, 399.0919189453125, 0.0005473662167787552, 180.0
975.0, 656.078369140625, -0.0, 329.2508850097656, 0.0004201722040306777, 180.0
976.0, 655.72021484375, -0.0, 967.7980346679688, 0.0012047482887282968, 180.0
977.0, 655.389892578125, -0.0, 1000.0, 726.074951171875, 180.0
978.0, 655.21337890625, -0.0, 1000.0, 726.074951171875, 180.0
979.0, 656.3360595703125, -0.0, 1000.0, 247.1639862060547, 180.0
980.0, 657.556884765625, -0.0, 878.002197265625, 0.0012169212568551302, 180.0
981.0, 659.4723510742188, -0.0, 1000.0, 726.074951171875, 180.0
982.0, 661.9169921875, -0.0, 1000.0, 726.074951171875, 180.0
983.0, 664.9508056640625, -0.0, 1000.0, 726.074951171875, 180.0
984.0, 668.2831420898438, -0.0, 688.4335327148438, 0.0009885466424748302, 180.0
985.0, 671.6627197265625, -0.0, 1000.0, 217.23204040527344, 180.0
986.0, 674.4485473632812, -0.0, 429.0238037109375, 0.0005995312822051346, 180.0
987.0, 676.5167846679688, -0.0, 1000.0, 167.34548950195312, 180.0
988.0, 677.61279296875, -0.0, 379.1373291015625, 0.0005199957522563636, 180.0
989.0, 677.5281982421875, -0.0, 239.45518493652344, 0.00029668895876966417, 180.0
990.0, 676.1929931640625, -0.0, 69.84109497070312, 8.729103865334764e-05, 180.0
991.0, 673.6818237304688, -0.0, 99.77299499511719, 0.00012195100134704262, 180.0
992.0, 670.1771240234375, -0.0, 89.79570007324219, 0.00010909931006608531, 180.0
993.0, 666.5708618164062, -0.0, 1000.0, 726.074951171875, 180.0
994.0, 663.9567260742188, -0.0, 1000.0, 726.074951171875, 180.0
995.0, 662.4882202148438, -0.0, 359.1827392578125, 0.0005025381105951965, 180.0
996.0, 662.12939453125, -0.0, 1000.0, 726.074951171875, 180.0
997.0, 662.875, -0.0, 1000.0, 307.0278625488281, 180.0
998.0, 664.2310791015625, -0.0, 628.5697631835938, 0.0008803335949778557, 180.0
999.0, 665.3638305664062, -0.0, 169.61407470703125, 0.00022047082893550396, 180.0
1000.0, 665.9161987304688, -0.0, 698.4109497070312, 0.0008740716148167849, 180.0
1001.0, 665.7854614257812, -0.0, 319.2735595703125, 0.00041608698666095734, 180.0
1002.0, 665.40380859375, -0.0, 1000.0, 346.9371032714844, 180.0
1003.0, 664.7805786132812, -0.0, 419.0465393066406, 0.000569267722312361, 180.0
1004.0, 664.1150512695312, -0.0, 1000.0, 97.50430297851562, 180.0
1005.0, 663.8082885742188, -0.0, 1000.0, 726.074951171875, 180.0
1006.0, 664.3282470703125, -0.0, 1000.0, 726.074951171875, 180.0
1007.0, 665.6766357421875, -0.0, 708.3881225585938, 0.0010044137015938759, 180.0
1008.0, 667.3279418945312, -0.0, 439.0011291503906, 0.0005938336253166199, 180.0
1009.0, 668.8082275390625, -0.0, 648.5244140625, 0.0008425363339483738, 180.0
1010.0, 670.1312866210938, -0.0, 1000.0, 57.59505844116211, 180.0
1011.0, 671.5435180664062, -0.0, 1000.0, 726.074951171875, 180.0
1012.0, 673.112060546875, -0.0, 708.38818359375, 0.00097033497877419, 180.0
1013.0, 674.9866943359375, -0.0, 1000.0, 506.5740966796875, 180.0
1014.0, 676.7943725585938, -0.0, 159.6367645263672, 0.00022442119370680302, 180.0
1015.0, 677.8884887695312, -0.0, 169.6140899658203, 0.00021618715254589915, 180.0
1016.0, 678.4630126953125, -0.0, 1000.0, 726.074951171875, 180.0
1017.0, 679.2593383789062, -0.0, 1000.0, 726.074951171875, 180.0
1018.0, 680.8948364257812, -0.0, 1000.0, 726.074951171875, 180.0
1019.0, 683.6214599609375, -0.0, 1000.0, 726.074951171875, 180.0
1020.0, 687.3787841796875, -0.0, 1000.0, 696.1430053710938, 180.0
1021.0, 691.940673828125, -0.0, 1000.0, 496.5967712402344, 180.0
1022.0, 696.3898315429688, -0.0, 69.84107971191406, 0.00010227585153188556, 180.0
1023.0, 700.3548583984375, -0.0, 1000.0, 726.074951171875, 180.0
1024.0, 704.1298217773438, -0.0, 1000.0, 726.074951171875, 180.0
1025.0, 708.1481323242188, -0.0, 1000.0, 726.074951171875, 180.0
1026.0, 712.1560668945312, -0.0, 369.1600036621094, 0.0005483333370648324, 180.0
1027.0, 715.3890991210938, -0.0, 149.6594696044922, 0.00020230257359798998, 180.0
1028.0, 717.7992553710938, -0.0, 1000.0, 366.8917236328125, 180.0
1029.0, 719.9884643554688, -0.0, 1000.0, 726.074951171875, 180.0
1030.0, 722.6029663085938, -0.0, 1000.0, 726.074951171875, 180.0
1031.0, 725.8709106445312, -0.0, 1000.0, 157.36817932128906, 180.0
1032.0, 728.8663330078125, -0.0, 269.38702392578125, 0.00039465169538743794, 180.0
1033.0, 731.1687622070312, -0.0, 1000.0, 167.34548950195312, 180.0
1034.0, 733.2117309570312, -0.0, 1000.0, 726.074951171875, 180.0
1035.0, 735.6539916992188, -0.0, 1000.0, 726.074951171875, 180.0
1036.0, 738.5323486328125, -0.0, 658.5015869140625, 0.0009856780525296926, 180.0
1037.0, 741.8065795898438, -0.0, 1000.0, 726.074951171875, 180.0
1038.0, 745.5576782226562, -0.0, 1000.0, 726.074951171875, 180.0
1039.0, 749.8750610351562, -0.0, 1000.0, 726.074951171875, 180.0
1040.0, 754.7591552734375, -0.0, 1000.0, 726.074951171875, 180.0
1041.0, 760.1373291015625, -0.0, 1000.0, 726.074951171875, 180.0
1042.0, 765.9081420898438, -0.0, 1000.0, 726.074951171875, 180.0
1043.0, 771.9703979492188, -0.0, 1000.0, 726.074951171875, 180.0
1044.0, 778.2403564453125, -0.0, 1000.0, 726.074951171875, 180.0
1045.0, 784.655029296875, -0.0, 1000.0, 726.074951171875, 180.0
1046.0, 791.0137939453125, -0.0, 987.7523193359375, 0.0015589934773743153, 180.0
1047.0, 796.8888549804688, -0.0, 1000.0, 257.14129638671875, 180.0
1048.0, 802.24658203125, -0.0, 1000.0, 726.074951171875, 180.0
1049.0, 807.38330078125, -0.0, 1000.0, 726.074951171875, 180.0
1050.0, 812.5722045898438, -0.0, 1000.0, 566.43798828125, 180.0
1051.0, 817.892822265625, -0.0, 1000.0, 376.8690490722656, 180.0
1052.0, 823.3587036132812, -0.0, 1000.0, 726.074951171875, 180.0
1053.0, 828.9857177734375, -0.0, 1000.0, 726.074951171875, 180.0
1054.0, 834.5751953125, -0.0, 907.9338989257812, 0.0014642135938629508, 180.0
1055.0, 839.591552734375, -0.0, 518.8193969726562, 0.0008046052535064518, 180.0
1056.0, 843.2508544921875, -0.0, 69.84107971191406, 0.00010197000665357336, 180.0
1057.0, 845.2221069335938, -0.0, 458.9557189941406, 0.0006252311868593097, 180.0
1058.0, 846.098388671875, -0.0, 1000.0, 516.5513916015625, 180.0
1059.0, 846.8238525390625, -0.0, 1000.0, 506.5740966796875, 180.0
1060.0, 848.1070556640625, -0.0, 1000.0, 726.074951171875, 180.0
1061.0, 850.2752075195312, -0.0, 1000.0, 726.074951171875, 180.0
1062.0, 853.346923828125, -0.0, 1000.0, 726.074951171875, 180.0
1063.0, 857.1840209960938, -0.0, 1000.0, 726.074951171875, 180.0
1064.0, 861.6072387695312, -0.0, 1000.0, 726.074951171875, 180.0
1065.0, 866.4481201171875, -0.0, 1000.0, 726.074951171875, 180.0
1066.0, 871.5725708007812, -0.0, 1000.0, 726.074951171875, 180.0
1067.0, 876.8185424804688, -0.0, 1000.0, 366.8917236328125, 180.0
1068.0, 881.7830200195312, -0.0, 758.2744750976562, 0.0012290272861719131, 180.0
1069.0, 885.8607788085938, -0.0, 439.00103759765625, 0.0006759886164218187, 180.0
1070.0, 888.7186279296875, -0.0, 658.5016479492188, 0.0009600751218385994, 180.0
1071.0, 890.7372436523438, -0.0, 1000.0, 726.074951171875, 180.0
1072.0, 892.3601684570312, -0.0, 828.1156005859375, 0.0013074056478217244, 180.0
1073.0, 894.0274047851562, -0.0, 1000.0, 726.074951171875, 180.0
1074.0, 896.07861328125, -0.0, 1000.0, 726.074951171875, 180.0
1075.0, 898.7097778320312, -0.0, 1000.0, 726.074951171875, 180.0
1076.0, 901.9359741210938, -0.0, 1000.0, 726.074951171875, 180.0
1077.0, 905.681640625, -0.0, 1000.0, 726.074951171875, 180.0
1078.0, 909.8322143554688, -0.0, 1000.0, 726.074951171875, 180.0
1079.0, 914.2778930664062, -0.0, 1000.0, 726.074951171875, 180.0
1080.0, 918.881103515625, -0.0, 1000.0, 486.6194763183594, 180.0
1081.0, 923.5573120117188, -0.0, 1000.0, 726.074951171875, 180.0
1082.0, 928.2778930664062, -0.0, 1000.0, 726.074951171875, 180.0
1083.0, 933.046142578125, -0.0, 1000.0, 726.074951171875, 180.0
1084.0, 937.8770141601562, -0.0, 1000.0, 726.074951171875, 180.0
1085.0, 942.758544921875, -0.0, 1000.0, 726.074951171875, 180.0
1086.0, 947.6844482421875, -0.0, 1000.0, 726.074951171875, 180.0
1087.0, 952.6436767578125, -0.0, 1000.0, 726.074951171875, 180.0
1088.0, 957.6251831054688, -0.0, 1000.0, 726.074951171875, 180.0
1089.0, 962.6183471679688, -0.0, 1000.0, 726.074951171875, 180.0
1090.0, 967.6160888671875, -0.0, 1000.0, 726.074951171875, 180.0
1091.0, 972.6137084960938, -0.0, 1000.0, 726.074951171875, 180.0
1092.0, 977.6065673828125, -0.0, 1000.0, 726.074951171875, 180.0
1093.0, 982.3767700195312, -0.0, 897.9564819335938, 0.0015736074419692159, 180.0
1094.0, 986.8362426757812, -0.0, 1000.0, 726.074951171875, 180.0
1095.0, 991.0838623046875, -0.0, 1000.0, 726.074951171875, 180.0
